sample_id,reads,flow_id,date,longitude,latitude,fire,ammonium,clay,conductivity,elev,exc_aluminium,exc_calcium,exc_magnesium,exc_potassium,exc_sodium,nitrate,organic_carbon,ph,phosphorus_colwell,potassium_colwell,sand,silt,sulphur,texture,vegetation_type,woody_veg_cover,ecoregion,mineral_nitrogen
s12428,158702,AC9CM,2013-07-16,148.336683,-42.105769,,17,16.15,0.286,45,0.042,15.36,5.12,0.71,1.16,10,4.08,6.8,12,282,75.72,8.13,26.4,1.5,Woodland,35.00000000000001,Tasmanian South East,27
s12430,402885,A64JJ,2013-07-16,148.2641,-42.1685,,6,15.59,0.199,51,0.026,31.61,5.41,0.38,1.14,20,5.3,6.6,12,184,76.56,7.86,14,1.5,Woodland,35.00000000000001,Tasmanian South East,26
s12438,376184,A64JJ,2013-07-17,148.3021,-42.0578,,7,10.48,0.114,17,0.034,10.78,3.42,0.34,0.79,2,4.33,5.3,6,158,85.28,4.24,11.8,1.5,Woodland,32.00000000000001,Tasmanian South East,9
s12614,601866,AAVYC,2014-01-23,150.265414,-33.659823,,4,9.44,0.158,1014,0.038,11.06,1.62,0.79,0.15,50,3.11,6.1,165,310,82.12,8.44,16.7,1.5,Other,69,Sydney Basin,54
s12832,190479,AAUF6,2013-09-19,152.878317,-27.387599,,10,16.7,0.025,95,0.286,2.05,1.02,0.11,0.09,1,1.73,4.8,5,42,78.29,5.01,3.7,2,Other,43.99999999999999,South Eastern Queensland,11
s12834,207988,AAUF6,2013-09-19,152.87905,-27.387121,,9,20.1,0.03,61,0.16,1.79,0.92,0.1,0.05,5,1.46,4.9,5,39,75.4,4.6,3.2,2,Woodland,43.99999999999999,South Eastern Queensland,14
s12884,294262,A64JJ,2013-09-05,145.029247,-36.673214,,3,NA,0.077,152,0.595,2.56,4.97,0.72,0.7,1,3.13,4.5,6,295,NA,NA,7.2,2.5,Woodland,39.000000000000014,Victorian Midlands,4
s12903,351241,AAVYC,2013-12-06,146.6542886,-43.09507123,,10,32.26,0.092,100,4.175,1.19,0.97,0.27,0.13,1,4.62,3.4,8,123,34.03,44.19,10.2,1,Forest,74,Tasmanian Southern Ranges,11
s138530,38536,K3W8G,2022-03-16,147.063393,-40.991764,wildfire Nov 2019,14,26.9,0.35,NA,0.03,11.08,10.87,0.94,3.34,11,4.52,5.3,16,426,41.96,31.15,22.8,1.5,Woodland,39.000000000000014,Furneaux,25
s15825,682238,ANVM7,2014-08-21,152.424726,-28.288659,,78,NA,0.168,1120,2.939,6.84,1.79,0.9,0.08,71,5.66,4.2,41,350,NA,NA,16.1,1.5,Forest,37.000000000000014,South Eastern Queensland,149
s15827,538698,ANVM7,2014-08-21,152.426866,-28.227608,,72,NA,0.107,1140,0.464,12.83,3.22,0.92,0.13,24,5.51,4.8,30,366,NA,NA,19.4,1.5,Forest,77,South Eastern Queensland,96
s15829,409463,ANVM7,2014-08-21,152.427209,-28.227565,,57,NA,0.089,1140,0.068,27.73,8.24,1.31,0.21,7,5.22,5.4,136,535,NA,NA,5.5,1.5,Forest,77,South Eastern Queensland,64
s15947,92011,AGEDA,2014-10-15,147.40767,-42.40422,,4,6.07,0.04,NA,1.363,0.47,0.35,0.24,0.11,0.5,2.51,3.6,7,104,89.82,4.11,3.6,1.5,,44.99999999999999,Tasmanian South East,4.5
s15949,127773,AGEDA,2014-10-15,147.39757,-42.32849,,5,8.16,0.029,NA,1.767,0.89,0.96,0.32,0.11,0.5,3.06,3.3,12,148,87.71,4.13,2.1,1.5,,44.99999999999999,Tasmanian South East,5.5
s15965,148229,AGEDA,2014-10-17,147.45611,-42.54522,,9,7.91,0.031,NA,1.17,0.89,0.71,0.22,0.08,0.5,2.25,3.5,8,104,90.08,2,2.8,1.5,,53,Tasmanian South East,9.5
s15981,134032,AGEDA,2014-11-07,147.20049,-42.55598,,9,25.03,0.054,NA,0.021,24.09,6.61,0.64,0.41,14,4.9,5.1,17,304,51.94,23.04,5.7,2,,38.000000000000014,Tasmanian South East,23
s15987,129684,AGEDA,2014-11-13,147.01964,-42.40184,,3,12.12,0.023,NA,1.973,0.72,0.58,0.28,0.1,0.5,2.67,4,12,110,87.88,1e-10,2,1.5,,36.00000000000001,Tasmanian South East,3.5
s15997,169728,AGEFG,2014-11-13,146.77292,-42.57264,,2,2.99,0.02,NA,1.051,0.68,0.4,0.15,0.05,0.5,1.2,3.7,9,75,92.95,4.06,1.6,1.5,,32.00000000000001,Tasmanian South East,2.5
s16001,134378,AGEFG,2014-11-21,147.31891,-41.77754,,6,9.36,0.036,NA,0.729,2.74,0.8,0.15,0.09,0.5,2.74,4.3,3,59,82.27,8.37,3.8,1.5,,49,Tasmanian Northern Midlands,6.5
s19475,189784,AGEFG,2015-02-18,150.7354,-33.6213,,9,9.93,0.025,33,0.043,2.89,0.52,0.18,0.03,15,1.28,4.9,5,70,78.02,12.04,3.9,2,Woodland,44.99999999999999,Sydney Basin,24
s19477,116558,AGEFG,2015-02-18,150.73577,-33.62083,,5,7.83,0.032,35,0.049,1.77,0.51,0.24,0.04,7,1.02,4.9,4,92,80.28,11.89,2.9,2,Woodland,44.99999999999999,Sydney Basin,12
s19481,191971,AGEFG,2015-02-19,150.72482,-33.61583,,11,13.84,0.052,32,1.048,1.12,1.32,0.29,0.44,5,3.18,4.1,7,129,58.27,27.89,7,2,Woodland,57.00000000000001,Sydney Basin,16
s19483,277637,AGEFG,2015-02-19,150.72493,-33.61353,,17,22.15,0.023,37,0.84,1.32,0.82,0.27,0.12,8,3.76,4.1,7,104,35.36,42.49,6.6,2,Woodland,54,Sydney Basin,25
s19501,136079,AGEFG,2015-02-23,150.72577,-33.61158,,7,4.05,0.025,36,0.486,0.66,0.21,0.12,0.02,4,1.35,4.4,4,51,85.58,10.37,3.8,1.5,Woodland,54,Sydney Basin,11
s19505,213077,AGEFG,2015-02-23,150.72878,-33.6145,,11,3.93,0.045,38,0.283,1.12,0.43,0.21,0.03,8,1.2,4.4,5,87,85.99,10.08,3.9,1.5,Woodland,54,Sydney Basin,19
s19507,257576,AGEFG,2015-02-25,150.71983,-33.61007,,11,16.47,0.071,29,0.053,19.27,3.32,0.48,0.18,17,4.66,5.1,12,225,50.39,33.14,6.8,2,Woodland,56.00000000000001,Sydney Basin,28
s19509,166776,AGEFG,2015-02-25,150.72043,-33.61072,,18,24.09,0.061,32,1.135,1.51,0.95,0.61,0.1,9,3.7,4,12,244,43.65,32.26,10,2,Woodland,56.00000000000001,Sydney Basin,27
s19511,245328,AGEFG,2015-02-25,150.72095,-33.61255,,6,8.12,0.03,38,0.339,0.61,0.33,0.14,0.05,1,1.22,4.4,3,62,87.77,4.11,4.8,1.5,Woodland,56.00000000000001,Sydney Basin,7
s19594,82993,B39FT,2015-11-18,150.2281468,-33.08392283,,2,27.91,0.07,NA,0.124,8,7.24,0.92,0.2,3,2.53,4.9,4,406,57.6,14.5,10.8,3,,38.000000000000014,NSW South Western Slopes,5
s39198,50688,BC8BY,2017-01-11,145.5151456,-37.49956015,,48,15.13944223,0.153,NA,10.043,1.85,0.64,0.54,0.09,36,5.48,3.5,28,241,23.77158035,61.08897742,25.4,2.5,Forest,96,South Eastern Highlands,84
s39202,46176,BC8BY,2017-01-12,145.5190746,-37.49995197,,39,21.66874222,0.153,NA,8.532,1.4,0.44,0.38,0.08,25,4.57,3.6,20,176,35.99003736,42.34122042,20.6,2.5,Forest,95,South Eastern Highlands,64
s39204,64393,BC8BY,2017-01-14,145.5092119,-37.53227413,,23,23.55008787,0.14,NA,7.934,5.74,2.18,0.56,0.11,25,5.93,3.8,18,219,10.19332162,66.25659051,12.6,1.5,Forest,88.00000000000001,South Eastern Highlands,48
s39206,50931,BC8BY,2017-01-16,145.5043148,-37.54004433,,68,29.74358974,0.114,NA,5.229,6.85,1.77,0.64,0.13,11,5.73,4.1,21,258,20.34188034,49.91452991,14.3,2.5,Forest,93,South Eastern Highlands,79
s39208,56010,BC8BY,2017-01-18,145.509095,-37.53019069,,60,14.63414634,0.111,NA,6.581,3.47,0.96,0.35,0.09,17,4.63,4,15,135,13.86392811,71.50192555,11,1.5,Forest,82,South Eastern Highlands,77
s39210,41198,BC8BY,2017-01-23,145.5141791,-37.55285893,,58,17.33505821,0.144,NA,9.028,2.15,0.92,0.64,0.11,64,4.75,3.8,16,283,11.51358344,71.15135834,15.7,2.5,Forest,89.00000000000001,South Eastern Highlands,122
s39221,51584,BC8BY,2017-01-31,145.508726,-37.53394438,,27,13.90243902,0.071,NA,7.294,1.08,0.46,0.37,0.08,15,5.89,4,15,156,9.512195122,76.58536585,12.5,2.5,Forest,88.00000000000001,South Eastern Highlands,42
s39222,43273,BC8BY,2017-02-01,145.514379,-37.54792243,,46,23.20574163,0.183,NA,7.791,5.19,2.12,0.69,0.13,38,5.24,3.8,16,295,14.35406699,62.44019139,17,2,Forest,80,South Eastern Highlands,84
s39224,30065,BC8BY,2017-02-03,145.5463455,-37.52579724,,67,31.67630058,0.139,NA,11.147,1.5,0.52,0.5,0.09,33,5.77,3.7,17,202,21.50289017,46.82080925,20.1,1.5,Forest,90.00000000000001,South Eastern Highlands,100
s39226,41891,BC8BY,2017-02-05,145.8158473,-37.64894214,,43,28.99728997,0.161,NA,6.319,2.81,0.91,0.5,0.09,78,5.34,4.1,37,212,21.6802168,49.32249322,14.5,1.5,Forest,76,South Eastern Highlands,121
s39228,35933,BC8BY,2017-02-07,145.8429488,-37.79564303,,63,27.24719101,0.128,NA,3.161,8.13,1.6,0.63,0.14,54,4.97,4.3,24,282,26.26404494,46.48876404,11.5,1.5,Forest,77,South Eastern Highlands,117
s39230,61158,BC8BY,2017-02-09,145.5494637,-37.55702006,,69,36.19402985,0.085,NA,8.934,4.42,1.91,0.58,0.17,5,5.02,3.9,26,253,21.08208955,42.7238806,16.5,1.5,Forest,82,South Eastern Highlands,74
s39238,63957,BC267,2017-02-17,145.8159656,-37.85873407,,32,35.33653846,0.166,NA,1.093,11.34,3.26,0.83,0.12,64,4.64,4.7,15,361,38.58173077,26.08173077,9.6,1.5,Forest,91.00000000000001,South Eastern Highlands,96
s39242,87432,BC8BY,2017-02-21,145.7794204,-37.82763681,,36,21.58808933,0.162,NA,2.809,8.19,2.03,0.8,0.14,42,5.04,4.4,14,348,29.90074442,48.51116625,9,1.5,Forest,89.00000000000001,South Eastern Highlands,78
s39244,52327,BC8BY,2017-02-23,145.8387349,-37.80072981,,62,32.55033557,0.139,NA,8.892,2.56,1.02,0.5,0.16,86,5.44,3.7,20,226,31.04026846,36.40939597,18.8,1.5,Forest,91.00000000000001,South Eastern Highlands,148
s39250,86691,BC267,2017-03-01,145.8128196,-37.860685169999996,,37,29.84293194,0.163,NA,1.504,12.68,3.47,0.87,0.11,72,4.66,4.6,13,367,65.44502618,4.712041885,11,1.5,Forest,87.00000000000001,South Eastern Highlands,109
s39254,53742,BC267,2017-03-05,145.5383278,-37.45586621,,33,17.13554987,0.086,NA,0.893,8.96,2.37,0.79,0.12,4,5.21,4.8,25,367,51.40664962,31.45780051,6.8,1.5,Forest,69,South Eastern Highlands,37
s39256,83659,BC8BY,2017-03-07,145.6009178,-37.50314899,,31,17.34317343,0.067,NA,2.927,7.92,1.85,0.7,0.09,24,4.65,4.5,22,330,19.92619926,62.73062731,7.9,2,Forest,83,South Eastern Highlands,55
s39260,67721,BC267,2017-03-11,145.5123277,-37.52127271,,33,25.19480519,0.107,NA,7.301,3.96,1.19,0.64,0.1,70,5.2,4.2,20,272,16.75324675,58.05194805,16.6,1.5,Forest,95,South Eastern Highlands,103
s39262,47288,BC267,2017-03-14,145.6017272,-37.5046367,,33,22.44094488,0.151,NA,1.961,13.11,2.44,0.9,0.12,39,4.71,4.6,52,430,17.71653543,59.84251969,7.6,2,Forest,77,South Eastern Highlands,72
s39264,54877,BC267,2017-03-15,145.601307,-37.49987288,,22,12.00510856,0.05,NA,3.465,1.6,0.41,0.4,0.1,9,5.15,4.5,14,179,43.03959132,44.95530013,6.8,2,Forest,83,South Eastern Highlands,31
s39266,87841,BC267,2017-03-17,145.5089462,-37.53538921,,56,18.82022472,0.105,NA,7.171,6.19,2.34,0.41,0.12,80,5.64,3.9,33,217,14.88764045,66.29213483,18.7,1.5,Forest,88.00000000000001,South Eastern Highlands,136
s39270,97907,BC267,2017-03-21,145.4961303,-37.48992815,,31,27.59856631,0.089,NA,6.35,1.32,0.47,0.55,0.09,25,4.91,4,13,238,25.08960573,47.31182796,8.4,2.5,Forest,58.00000000000001,South Eastern Highlands,56
s39272,71637,BC267,2017-03-23,145.5402915,-37.45954074,,30,53.44827586,0.113,NA,0.43,11.71,1.78,0.63,0.08,9,5.36,5.2,13,291,39.16256158,7.389162562,8,2,Forest,57.00000000000001,South Eastern Highlands,39
s39274,80234,BC267,2017-03-25,145.5498128,-37.54952567,,35,27.3657289,0.073,NA,6.818,1.14,0.44,0.41,0.11,13,5.56,4.1,12,178,21.35549872,51.27877238,10.9,2,Forest,80,South Eastern Highlands,48
s39276,169513,BC267,2017-03-27,145.6033388,-37.51893228,,25,25.47619048,0.098,NA,7.206,1.58,0.44,0.73,0.06,33,4.97,4,84,322,22.85714286,51.66666667,13.1,2.5,Forest,88.00000000000001,South Eastern Highlands,58
s39282,81535,BC267,2017-03-29,145.6235034,-37.57860923,,46,29.73316391,0.144,NA,4.92,6.48,2.19,0.79,0.13,68,4.82,4.2,24,349,20.58449809,49.68233799,10.5,1.5,Forest,75,South Eastern Highlands,114
s39286,108111,BC267,2017-03-31,145.8301138,-37.65141885,,31,48.9539749,0.116,NA,0.341,20.56,4.89,1.72,0.13,40,5.38,5,28,709,50,1.046025105,5.6,1.5,Forest,75,South Eastern Highlands,71
s39290,59095,BC267,2017-04-04,145.8218591,-37.65084098,,30,37.35294118,0.101,NA,1.792,7.44,2.94,1.22,0.13,22,4.72,4.7,18,529,16.61764706,46.02941176,6.9,1.5,,70,South Eastern Highlands,52
s39296,70070,BC267,2017-04-08,145.9027612,-37.84693012,,22,20.81339713,0.128,NA,0.697,9.23,0.9,0.39,0.13,36,4.4,5,18,179,57.53588517,21.6507177,9.2,1.5,,91.00000000000001,South Eastern Highlands,58
s39300,136839,BC267,2017-04-10,145.5155976,-37.53328291,,23,21.75141243,0.144,NA,6.131,5.77,1.67,0.68,0.11,39,6.06,4.1,15,309,7.203389831,71.04519774,11.3,1.5,,85.00000000000001,South Eastern Highlands,62
s39304,84859,BC267,2017-04-15,145.8314737,-37.65072031,,34,23.97137746,0.093,NA,2.466,9.64,2.79,1.36,0.13,56,5.32,4.6,42,589,36.6726297,39.35599284,7.6,1.5,,75,South Eastern Highlands,90
s39306,115447,BC267,2017-04-16,145.8207509,-37.65066767,,25,11.98979592,0.177,NA,0.683,15.52,2.97,1.43,0.11,53,5.67,4.9,25,565,28.95408163,59.05612245,7.1,1.5,,70,South Eastern Highlands,78
s39308,63460,BC267,2017-04-18,145.6246911,-37.58976298,,60,28.5119667,0.084,NA,6.698,4.44,1.78,0.5,0.16,46,5.64,4.2,26,218,24.3496358,47.1383975,12.6,1.5,,86.00000000000001,South Eastern Highlands,106
s39310,96320,BC267,2017-04-20,145.6295656,-37.58706175,,33,24.25,0.107,NA,3.686,8.9,2.45,1.04,0.13,52,5.15,4.4,17,422,14,61.75,8.9,1.5,,89.00000000000001,South Eastern Highlands,85
s39314,106577,BC8BY,2017-04-22,145.903778,-37.84734516,,21,15.54524362,0.102,NA,3.503,1.21,0.47,0.39,0.07,36,4.92,4.3,16,171,57.54060325,26.91415313,7.7,1.5,,91.00000000000001,South Eastern Highlands,57
s39316,60190,BC267,2017-04-25,145.8303208,-37.65267371,,32,24.15940224,0.089,NA,3.339,7.78,2.37,1.06,0.13,44,5.25,4.5,29,448,39.9750934,35.86550436,5.5,1.5,,75,South Eastern Highlands,76
s39318,87646,BC267,2017-04-27,145.9036297,-37.84661375,,53,25.59366755,0.072,NA,5.427,1.71,0.64,0.38,0.1,21,5.74,4.1,16,157,55.5408971,18.86543536,9,1.5,,91.00000000000001,South Eastern Highlands,74
s39322,88910,BC267,2017-04-30,145.6191697,-37.57289853,,37,27.61290323,0.072,NA,4.609,7.67,2.18,0.64,0.14,22,4.27,4.3,23,318,25.41935484,46.96774194,10.4,1.5,,91.00000000000001,South Eastern Highlands,59
s39324,92729,BC267,2017-05-02,145.9031682,-37.84707812,,34,21.2195122,0.104,NA,3.985,2.21,0.58,0.34,0.06,28,4.71,4.3,13,154,52.80487805,25.97560976,8.8,1.5,,91.00000000000001,South Eastern Highlands,62
s39326,60270,BC8BY,2017-05-05,145.9055867,-37.867226,,31,17.83077797,0.096,NA,0.415,8.43,1.83,0.59,0.17,2,5.48,4.9,10,270,54.06019307,28.10902896,8.7,1.5,,84.00000000000001,South Eastern Highlands,33
s39330,114678,BC267,2017-05-08,145.7783682,-37.8280495,,65,50.25316456,0.105,NA,6.011,4.19,1.87,0.85,0.16,48,4.63,4.1,19,394,17.91139241,31.83544304,12.3,1.5,,89.00000000000001,South Eastern Highlands,113
s39333,146342,BC267,2017-02-12,145.7056976,-37.67985254,,28,29.54545455,0.178,NA,6.052,0.64,0.27,0.28,0.04,83,4.87,4,71,125,16.54040404,53.91414141,13.7,2,,92,South Eastern Highlands,111
s39340,116443,BC267,2017-05-16,145.5574412,-37.52257151,,18,36.8112544,0.072,NA,4.655,1.76,0.7,0.52,0.06,29,4.31,4.2,12,209,22.86049238,40.32825322,4.9,3,,86.00000000000001,South Eastern Highlands,47
s39342,83151,BC267,2017-05-18,145.6373591,-37.44014127,,36,16.81222707,0.068,NA,2.459,2.85,0.88,0.68,0.09,7,4.26,4.6,12,287,32.20524017,50.98253275,4.4,2.5,,31.000000000000007,South Eastern Highlands,43
s39344,48007,BC8BY,2017-05-20,145.9048259,-37.866398770000004,,25,19.8630137,0.077,NA,1.548,4.03,1.3,0.5,0.12,2,4.6,4.7,5,218,60.61643836,19.52054795,6.9,2,,84.00000000000001,South Eastern Highlands,27
s39346,72976,BC267,2017-05-23,145.5178648,-37.57024586,,21,26.4604811,0.063,NA,6.546,1.55,0.41,0.53,0.09,16,5.14,4.1,17,209,26.63230241,46.90721649,10.3,2,,96,South Eastern Highlands,37
s39350,89657,BC267,2017-05-26,145.584558,-37.4864243,,17,39.20099875,0.07,NA,2.742,2.43,0.82,0.73,0.05,22,4.45,4.4,15,307,46.31710362,14.48189763,7,2,,74,South Eastern Highlands,39
s39352,80890,BC267,2017-05-28,145.9047119,-37.86564966,,27,13.17919075,0.063,NA,1.373,4.65,1.45,0.49,0.08,1,4.36,4.6,6,215,59.42196532,27.39884393,8.3,2,,84.00000000000001,South Eastern Highlands,28
s39360,69108,BC267,2017-06-05,145.5443698,-37.51566046,,64,28.39805825,0.154,NA,9.811,1.93,0.88,0.41,0.09,52,5.52,3.6,15,172,18.2038835,53.39805825,12.7,2,,89.00000000000001,South Eastern Highlands,116
s39362,104666,BC267,2017-06-07,145.8787283,-37.82478478,,52,7.317073171,0.155,NA,7.441,2.49,0.84,0.38,0.1,42,4.8,3.8,19,182,17.07317073,75.6097561,15.8,1.5,,85.00000000000001,South Eastern Highlands,94
s39364,84886,BC267,2017-06-09,145.5862072,-37.49013936,,28,22.56809339,0.125,NA,4.685,2.07,0.41,0.48,0.05,63,4.11,4.3,22,195,35.66796368,41.76394293,9.3,2,,75,South Eastern Highlands,91
s39366,61697,BC267,2017-06-11,145.6035225,-37.50907429,,25,12.2875817,0.094,NA,3.987,4.28,1.51,0.73,0.19,5,4.93,4.5,14,323,9.934640523,77.77777778,11.2,2,,85.00000000000001,South Eastern Highlands,30
s39368,49904,BC267,2017-06-13,145.6030587,-37.50664432,,26,16.66666667,0.122,NA,1.525,8.44,1.88,0.76,0.13,38,4.52,4.7,21,340,27.77777778,55.55555556,8.4,2.5,,62.000000000000014,South Eastern Highlands,64
s39370,84574,BC267,2017-06-15,145.8994652,-37.85915665,,49,23.68742369,0.101,NA,3.438,5.24,2.46,0.7,0.25,4,5.15,4.3,16,305,47.98534799,28.32722833,13.8,1.5,,78,South Eastern Highlands,53
s401552,55421,KG28C,2021-01-27,150.86621,-33.77004,,3.795842251,11.91,0.0396,NA,NA,NA,NA,NA,NA,0.522287462,0.0062348864,NA,NA,NA,71.09,17,NA,Sandy loam,Woodland,43.99999999999999,Sydney Basin,4.318129712999999
s401556,52854,KG28C,2021-01-29,150.88248,-33.61367,,4.139234754,18.91,0.0495,NA,NA,NA,NA,NA,NA,5.6828908356,0.003528152,NA,NA,NA,71.09,10,NA,Sandy loam,Woodland,37.000000000000014,Sydney Basin,9.8221255896
s401557,59019,KG28C,2021-01-29,150.87872,-33.61544,,4.2940797688,4.91,0.0599,NA,NA,NA,NA,NA,NA,15.8729437629,0.0244917626,NA,NA,NA,84.09,11,NA,Loamy sand,Woodland,40.99999999999999,Sydney Basin,20.1670235317
s401558,47324,KG28C,2021-01-29,150.87895,-33.61405,,2.5561692408,19.91,0.0482,NA,NA,NA,NA,NA,NA,6.9270547854,0.0037379879,NA,NA,NA,65.09,15,NA,Sandy loam,Woodland,40.99999999999999,Sydney Basin,9.4832240262
s401559,48854,KG28C,2021-02-02,150.79556,-33.65126,,4.0522317866,15.31,0.0238,NA,NA,NA,NA,NA,NA,0.1218815936,0.0050441757,NA,NA,NA,65.09,19.6,NA,Sandy loam,Woodland,48,Sydney Basin,4.1741133802000006
s401560,43304,KG28C,2021-01-29,150.88022,-33.61179,,2.6500619218,19.91,0.0653,NA,NA,NA,NA,NA,NA,5.2354200658,0.004748047,NA,NA,NA,69.09,11,NA,Sandy loam,Woodland,51,Sydney Basin,7.8854819875999995
s401561,63756,KG28C,2021-01-29,150.88182,-33.60955,,3.4826932466,4.91,0.0511,NA,NA,NA,NA,NA,NA,4.2881543779,0.0251377201,NA,NA,NA,85.09,10,NA,Loamy sand,Woodland,37.000000000000014,Sydney Basin,7.7708476245
s401562,41503,KG28C,2021-01-29,150.87949,-33.61308,,8.4051319832,17.91,0.0526,NA,NA,NA,NA,NA,NA,12.4853775,0.0042695015,NA,NA,NA,73.09,9,NA,Sandy loam,Woodland,51,Sydney Basin,20.8905094832
s401563,48629,KG28C,2021-02-02,150.75069,-33.67481,,7.8420918918,14.91,0.0378,NA,NA,NA,NA,NA,NA,0.337340424,0.0070987412,NA,NA,NA,70.69,14.4,NA,Sandy loam,Woodland,40.99999999999999,Sydney Basin,8.1794323158
s401565,90295,KG28C,2021-02-03,150.71541,-33.69687,,17.4196054003,3.31,0.0268,NA,NA,NA,NA,NA,NA,0.2766513761,0.0070891915,NA,NA,NA,83.09,13.6,NA,Loamy sand,Woodland,37.000000000000014,Sydney Basin,17.6962567764
s401567,62993,KG28C,2021-02-03,150.72144,-33.69329,,2.7904524709,19.91,0.046,NA,NA,NA,NA,NA,NA,0.1450156402,0.0061961228,NA,NA,NA,45.09,35,NA,Loam,Woodland,35.00000000000001,Sydney Basin,2.9354681111
s401568,73288,KG28C,2021-02-02,150.75291000000001,-33.67646,,3.4041553405,13.91,0.0216,NA,NA,NA,NA,NA,NA,0.151639208,0.0061621538,NA,NA,NA,60.09,26,NA,Sandy loam,Woodland,40.99999999999999,Sydney Basin,3.5557945485
s401569,74994,KG28C,2021-02-04,151.1588,-33.73661,,56.7252570677,12.91,0.1106,NA,NA,NA,NA,NA,NA,34.8978217338,0.0525580013,NA,NA,NA,65.09,22,NA,Sandy loam,Woodland,69,Sydney Basin,91.6230788015
s401570,70576,KG28C,2021-02-04,151.15686,-33.73623,,76.194498125,25.91,0.0953,NA,NA,NA,NA,NA,NA,49.7298716229,0.1357276024,NA,NA,NA,47.09,27,NA,Sandy clay loam,Woodland,69,Sydney Basin,125.92436974789999
s401571,52918,KG28C,2021-02-05,151.06242,-33.75353,,3.8389272031,4.91,0.0737,NA,NA,NA,NA,NA,NA,1.589006498,0.0099840231,NA,NA,NA,88.09,7,NA,Sand,Woodland,55.00000000000001,Sydney Basin,5.4279337011
s401572,59178,KG28C,2021-02-03,150.74571,-33.6547,,3.6062452421,5.91,0.02,NA,NA,NA,NA,NA,NA,0.9445829622,0.0025800368,NA,NA,NA,87.09,7,NA,Loamy sand,Woodland,52,Sydney Basin,4.5508282043
s401573,76567,KG28C,2021-02-04,151.15628,-33.7359,,65.6879423868,16.91,0.0975,NA,NA,NA,NA,NA,NA,15.3978875171,0.0313002743,NA,NA,NA,47.09,36,NA,Loam,Woodland,58.00000000000001,Sydney Basin,81.0858299039
s401574,45329,KG28C,2021-02-04,151.155,-33.7375,,2.2974300094,7.31,0.1171,NA,NA,NA,NA,NA,NA,10.1875380271,0.0088456871,NA,NA,NA,82.09,10.6,NA,Loamy sand,Woodland,69,Sydney Basin,12.4849680365
s401575,99191,KG28C,2021-02-03,150.74469,-33.65388,,3.3812713669,18.91,0.0288,NA,NA,NA,NA,NA,NA,1.776187648,0.022812664,NA,NA,NA,64.09,17,NA,Sandy loam,Woodland,50,Sydney Basin,5.157459014900001
s401576,53302,KG28C,2021-02-02,150.80072,-33.65294,,1.9896214036,17.31,0.0227,NA,NA,NA,NA,NA,NA,0.33042,0.0035843704,NA,NA,NA,63.09,19.6,NA,Sandy loam,Woodland,47,Sydney Basin,2.3200414036
s401577,75117,KG28C,2021-02-02,150.79839,-33.65123,,6.5704688797,13.51,0.0328,NA,NA,NA,NA,NA,NA,0.6441636157,0.0178236057,NA,NA,NA,71.09,15.4,NA,Sandy loam,Woodland,53,Sydney Basin,7.2146324954
s401579,52242,KG28C,2021-02-03,150.74562,-33.65373,,3.1644853241,20.91,0.0338,NA,NA,NA,NA,NA,NA,1.9870989035,0.0216519097,NA,NA,NA,63.09,16,NA,Sandy clay loam,Woodland,52,Sydney Basin,5.1515842276
s401580,67618,KG28C,2021-02-05,151.05623,-33.7498,,2.471539017,17.91,0.0842,NA,NA,NA,NA,NA,NA,6.4016396925,0.0281928338,NA,NA,NA,72.09,10,NA,Sandy loam,Woodland,54,Sydney Basin,8.8731787095
s401581,76212,KG28C,2021-02-05,151.10703,-33.73052,,4.5756773807,7.71,0.1005,NA,NA,NA,NA,NA,NA,7.173934806,0.0325192562,NA,NA,NA,84.09,8.2,NA,Loamy sand,Woodland,58.00000000000001,Sydney Basin,11.7496121867
s401582,76095,KG28C,2021-02-05,151.10237,-33.73046,,3.487694344,11.31,0.1058,NA,NA,NA,NA,NA,NA,7.6788497546,0.029394909,NA,NA,NA,70.69,18,NA,Sandy loam,Woodland,56.00000000000001,Sydney Basin,11.1665440986
s401583,77936,KG28C,2021-02-05,151.14209,-33.7347,,2.2343732743,21.11,0.1515,NA,NA,NA,NA,NA,NA,11.2779028133,0.0069042562,NA,NA,NA,58.69,20.2,NA,Sandy clay loam,Woodland,52,Sydney Basin,13.5122760876
s401584,72567,KG28C,2021-02-01,151.04044,-33.74775,,3.0828439639,0.91,0.0586,NA,NA,NA,NA,NA,NA,5.1213708814,0.0214208175,NA,NA,NA,95.09,4,NA,Sand,Woodland,65.00000000000001,Sydney Basin,8.2042148453
s401585,79356,KG28C,2021-02-01,151.03778,-33.74152,,5.7931983987,5.31,0.0782,NA,NA,NA,NA,NA,NA,1.1342177653,0.0073706139,NA,NA,NA,77.09,17.6,NA,Loamy sand,Woodland,70,Sydney Basin,6.927416164
s401586,52076,KG28C,2021-01-28,150.66628,-33.80072,,3.8541104544,1.91,0.0507,NA,NA,NA,NA,NA,NA,2.9345272235,0.0050236808,NA,NA,NA,91.09,7,NA,Sand,Woodland,53,Sydney Basin,6.788637677900001
s401589,70817,KG28C,2021-01-28,150.67021,-33.79639,,17.8537333333,13.31,0.0384,NA,NA,NA,NA,NA,NA,1.5615644444,0.0239299556,NA,NA,NA,78.69,8,NA,Sandy loam,Woodland,31.000000000000007,Sydney Basin,19.415297777699998
s401590,62220,KG28C,2021-01-28,150.67038,-33.8003,,2.6707265607,13.31,0.0482,NA,NA,NA,NA,NA,NA,4.680355784,0.0043339715,NA,NA,NA,62.09,24.6,NA,Sandy loam,Woodland,55.00000000000001,Sydney Basin,7.3510823447
s401591,108073,KG28C,2021-02-01,151.03645,-33.74079,,3.9387985506,2.91,0.0703,NA,NA,NA,NA,NA,NA,3.7453186648,0.0077921553,NA,NA,NA,93.09,4,NA,Sand,Woodland,43.99999999999999,Sydney Basin,7.684117215400001
s401592,81259,KG28C,2021-02-01,151.03748,-33.74123,,15.2579320988,20.91,0.0742,NA,NA,NA,NA,NA,NA,4.463600823,0.0059725309,NA,NA,NA,71.09,8,NA,Sandy clay loam,Woodland,70,Sydney Basin,19.721532921799998
s401593,83638,KG28C,2021-02-01,151.03748,-33.74244,,25.736564016,14.91,0.0861,NA,NA,NA,NA,NA,NA,6.8838578359,0.0078093651,NA,NA,NA,72.89,12.2,NA,Sandy loam,Woodland,70,Sydney Basin,32.6204218519
s401594,70758,KG28C,2021-02-01,151.06241,-33.74088,,5.7732796267,18.91,0.0725,NA,NA,NA,NA,NA,NA,0.1499351366,0.0300957886,NA,NA,NA,65.09,16,NA,Sandy loam,Woodland,52,Sydney Basin,5.9232147633
s401595,84170,KG28C,2021-02-05,151.13336,-33.73914,,8.4035906714,2.91,0.0625,NA,NA,NA,NA,NA,NA,3.1785016026,0.0366387694,NA,NA,NA,87.09,10,NA,Sand,Woodland,61.00000000000001,Sydney Basin,11.582092274
s401612,85716,KG28C,2021-11-30,150.6561,-34.5669,,15,NA,0.081,NA,2.43,4.62,1.82,0.25,0.11,17,3.09,4.2,10,106,NA,NA,8.7,2.0,Forest,94,Sydney Basin,32
s401614,69307,KG28C,2021-11-30,150.84319,-34.402,,5,NA,0.124,NA,0.08,6.34,4.58,0.31,0.18,33,2.74,4.9,24,188,NA,NA,11.2,2.5,Forest,78,Sydney Basin,38
s401616,61224,KG28C,2021-11-30,150.84216,-34.4029,,9,NA,0.15,NA,0.05,10.2,2.97,0.57,0.11,50,3.86,5.1,37,297,NA,NA,14.1,2.5,Forest,78,Sydney Basin,59
s401618,67865,KG28C,2021-11-30,150.84111,-34.4036,,9,NA,0.189,NA,0.06,12.78,4.56,0.81,0.14,61,4.05,5.2,45,355,NA,NA,11.8,2.0,Forest,89.00000000000001,Sydney Basin,70
s401620,70205,KG28C,2021-11-30,151.03063,-34.1485,,8,NA,0.08,NA,1.08,7.68,3.56,0.58,0.22,24,5.22,4.7,15,251,NA,NA,5.2,2.0,Woodland,80,Sydney Basin,32
s401622,64956,KG28C,2021-11-30,151.03944,-33.7464,,19,NA,0.057,NA,0.85,3.19,2.18,0.23,0.11,2,3.18,4.6,2,122,NA,NA,6.7,1.5,Woodland,65.00000000000001,Sydney Basin,21
s401632,78023,KG28C,2021-12-07,151.68166,-32.1227,,16,NA,0.172,NA,3.94,2.84,1.44,0.66,0.09,60,4.97,4.6,27,309,NA,NA,11,2.5,Forest,87.00000000000001,NSW North Coast,76
s401634,67868,KG28C,2021-12-08,151.8161,-31.9817,,13,NA,0.108,NA,0.16,16,6.92,0.82,0.28,33,4.36,5,20,390,NA,NA,8.6,2.5,Woodland,84.00000000000001,NSW North Coast,46
s401644,104779,KG28C,2021-12-09,152.79508,-30.361,,31,NA,0.1,NA,7.7,1.1,0.82,0.28,0.18,9,4.72,3.8,13,122,NA,NA,13.9,2.5,Forest,87.00000000000001,NSW North Coast,40
s401646,7355,KG28C,2021-12-09,152.79378,-30.362,,31,NA,0.104,NA,8.62,0.69,0.78,0.42,0.19,6,4.99,3.7,11,213,NA,NA,15,2.5,Forest,87.00000000000001,NSW North Coast,37
s401650,68684,KG28C,2021-12-09,152.73093,-30.3655,,12,NA,0.028,NA,0.06,31.74,7.54,1.78,0.14,71,5.69,5.3,239,674,NA,NA,7.5,2.5,Forest,85.00000000000001,NSW North Coast,83
s401652,66968,KG28C,2021-12-10,150.78452,-31.9004,,5,NA,0.069,NA,0.02,17.65,6.32,1.22,0.12,13,3.59,5.7,119,583,NA,NA,5.3,2.5,Woodland,50,Sydney Basin,18
s401654,68240,KG28C,2021-12-10,150.26694,-32.45,,2,NA,0.062,NA,1.92,1,1.18,0.5,0.1,1,3.06,3.8,3,309,NA,NA,6.2,1.0,Woodland,54,Sydney Basin,3
s401656,69128,KG28C,2021-12-10,150.26933,-32.3984,,5,NA,0.092,NA,0.7,5.41,1.86,0.59,0.03,35,3.46,4.4,8,301,NA,NA,4.8,1.5,Woodland,40.000000000000014,Sydney Basin,40
s401658,49845,KG28C,2021-12-10,150.27246,-32.4029,,4,NA,0.06,NA,0.05,9.3,2.4,0.57,0.03,17,2.51,5,6,293,NA,NA,3.2,1.5,Woodland,42.99999999999999,Sydney Basin,21
s401660,75174,KG28C,2022-01-24,150.22814,-33.0839,,3,28.52,0.064,NA,0.04,9.02,3.46,0.56,0.08,11,2.26,5.1,4,360,59.81,11.66,3.7,2.0,Woodland,38.000000000000014,NSW South Western Slopes,14
s62120,50228,BY245,2017-12-13,144.929637,-38.474406,,14,6.05,0.096,81,0.044,3.46,2.42,0.22,0.21,2,1.69,5.1,10,114,91.92,2.03,10,1,,50,South East Coastal Plain,16
s62128,28691,BY245,2017-12-11,144.323495,-37.673298,,34,15.35,0.292,267,1.048,4.1,2.1,0.54,0.35,2,2.44,3.8,27,274,69.26,15.4,47.9,2,,35.00000000000001,Victorian Midlands,36
s62134,61393,BY245,2017-12-08,144.345655,-37.577073,,7,23.49,0.08,501,2.233,0.51,0.95,0.2,0.26,1,1.83,4,8,129,47.85,28.66,12.1,3,,33.00000000000001,Victorian Midlands,8
s62150,34647,BY245,2017-11-22,145.649607,-37.801772,,51,29.29,0.185,120.5,3.685,3.71,1.47,0.4,0.11,10,3.9,3.7,25,207,45.51,25.2,39.8,2,,57.00000000000001,South Eastern Highlands,61
s62152,31430,BY245,2017-11-22,145.649331,-37.801552,,41,33.17,0.133,120.5,4.215,3.4,1.24,0.31,0.12,10,4.72,3.5,18,157,46.87,19.97,35.6,2,,57.00000000000001,South Eastern Highlands,51
s62154,29162,BY245,2017-11-22,145.649357,-37.801445,,63,25.28,0.259,120.5,3.164,4.67,1.74,0.35,0.14,12,4.49,3.4,29,169,51.45,23.27,69.5,2,,57.00000000000001,South Eastern Highlands,75
s62156,30150,BY245,2017-11-14,145.649147,-37.801373,,37,26.87,0.127,120.5,1.973,5.82,1.65,0.27,0.15,7,4.46,3.9,30,125,58.61,14.52,17.5,1.5,,57.00000000000001,South Eastern Highlands,44
s62158,28028,BY245,2017-11-13,145.648944,-37.801194,,49,22.67,0.208,120.5,2.216,5.58,1.83,0.41,0.21,8,3.94,3.8,44,208,62.84,14.49,77.3,1.5,,57.00000000000001,South Eastern Highlands,57
s62160,27150,BY245,2017-11-22,145.648936,-37.8012,,36,29.21,0.143,120.5,3.615,4.59,1.47,0.21,0.11,10,4.75,3.7,34,100,56.12,14.66,45.8,1.5,,57.00000000000001,South Eastern Highlands,46
s62162,49121,BY245,2017-11-14,145.648828,-37.800879,,44,30.87,0.115,120.5,0.554,8.87,1.39,0.26,0.08,8,4.51,4.5,99,111,56.74,12.39,21.4,2.5,,57.00000000000001,South Eastern Highlands,52
s62164,25097,BY245,2017-11-14,145.648857,-37.801186,,53,31.03,0.223,120.5,1.207,7.56,1.22,0.44,0.12,16,4.77,4.3,75,224,46.13,22.83,52,2.5,,57.00000000000001,South Eastern Highlands,69
s62166,27103,BY245,2017-11-13,145.648791,-37.801394,,32,30.9,0.17,120.5,0.689,9.6,1.76,0.32,0.08,10,4.19,4.5,96,165,52.56,16.54,26.2,2.5,,57.00000000000001,South Eastern Highlands,42
s62168,27061,BY245,2017-12-07,145.836581,-37.690526,,18,20.44,0.09,225,2.354,2.43,0.74,0.17,0.05,3,3.22,3.8,24,103,65.18,14.38,21.9,2.5,,73,South Eastern Highlands,21
s62170,22261,BY245,2017-11-15,145.837033,-37.690414,,31,22.8,0.155,215,1.886,2.78,1.21,0.13,0.1,1,3.5,3.9,29,120,64.71,12.49,35.2,1.5,,54,South Eastern Highlands,32
s62172,22965,BY245,2017-11-23,145.837101,-37.690387,,33,28.81,0.097,215,2.935,2.38,0.6,0.11,0.07,2,4.25,4.1,28,106,46.41,24.78,29.8,2,,54,South Eastern Highlands,35
s62174,29260,BY245,2017-11-15,145.836941,-37.690535,,45,30.97,0.201,215,2.64,4.29,0.74,0.08,0.05,1,4.6,3.9,39,80,48.32,20.71,71.4,2.5,,54,South Eastern Highlands,46
s7829,24786,A79NR,2012-07-30,150.7536825,-35.15368962,,7,5.76,0.03,62.4,0.158,0.77,0.49,0.09,0.09,15,0.98,3.6,1e-10,36,94.24,1e-10,2.9,1.5,Woodland,63.000000000000014,Sydney Basin,22
s7831,23121,A79NR,2012-07-30,150.7352711,-35.15304021,,6,3.88,0.023,96,0.162,0.86,0.35,0.08,0.05,18,0.83,3.9,1e-10,33,96.12,1e-10,1.8,1.5,Forest,84.00000000000001,Sydney Basin,24
s7833,26927,A79NR,2012-08-06,150.7075604,-35.13802306,,5,7.86,0.039,35,1.101,0.12,0.23,0.09,0.1,8,1.51,3.6,1e-10,40,90.15,1.99,4.8,1.5,Woodland,56.00000000000001,Sydney Basin,13
s7839,22931,A79NR,2012-08-17,150.6583748,-35.12804944,,6,8.14,0.046,5,0.636,3.73,1.53,0.18,0.13,3,2.55,3.9,7,89,91.86,1e-10,3.5,1.5,Forest,86.00000000000001,Sydney Basin,9
s7853,33410,A90G8,2012-10-25,150.6731254,-35.1630042,,4,2.92,0.106,6,0.023,3.96,0.6,0.06,0.25,6,0.16,7.7,11,24,97.08,1e-10,10.2,1.5,Shrubland,51,Sydney Basin,10
s7855,36590,A90G8,2012-10-25,150.6666743,-35.13674651,,5,5.91,0.021,21,0.28,1,0.51,0.09,0.08,2,1.07,3.7,1e-10,37,94.09,1e-10,2.4,1.5,Forest,51,Sydney Basin,7
s7857,45785,A90G8,2012-10-25,150.6326533,-35.16181402,,4,5.72,0.066,28,0.028,4.24,0.35,0.09,0.09,3,0.47,7.5,3,42,94.28,1e-10,3.7,1.5,Shrubland,61.00000000000001,Sydney Basin,7
s7863,44025,A90G8,2012-10-26,150.5937279,-35.17710152,,5,8.25,0.188,7,0.011,28.89,3.02,0.16,0.35,24,3.48,7.2,10,78,83.4,8.35,10.1,1.5,Marsh/bog,58.00000000000001,Sydney Basin,29
s8232,315067,A64HK,2013-04-16,151.629,-26.874389999999998,,4,63,0.123,339,0.045,12.75,8.34,0.42,1.02,13,0.94,7,29,194,6,20,3.9,3.5,Other,67,South Eastern Queensland,17
s9450,27362,A5P6W,2013-05-31,148.8271,-35.3941,,9,21.48,0.044,1115,4.051,1.56,0.56,0.54,0.04,10,4.53,4.1,16,210,50.83,27.69,4.5,1.5,Forest,50,South Eastern Highlands,19
s9466,272482,A64JJ,2013-07-09,148.9085,-35.59065,,8,12.42,0.07,966,0.057,12.91,1.46,0.5,0.03,1,4.03,5.6,27,237,72.98,14.61,6.8,2,Woodland,41.99999999999999,South Eastern Highlands,9
s9571,140522,A64HK,2013-01-09,145.881418,-41.555433,,85,31.74,0.092,820,5.572,1.45,1.3,0.6,0.22,3,5.51,3.4,68,486,42.74,25.52,25.4,2,Forest,65.00000000000001,Tasmanian Central Highlands,88
s9586,43496,A90G8,2013-01-18,148.029095,-41.183047,,3,20.56,0.019,690,1.743,0.19,0.6,0.24,0.03,1,0.89,4.1,2,126,64.24,15.19,1.6,2,Forest,77,Ben Lomond,4
s9588,37005,A90G8,2013-01-18,148.032013,-41.183515,,4,16.42,0.014,720,0.888,0.68,0.39,0.19,0.03,2,0.73,4.2,4,105,58.87,24.71,1.5,2,Forest,74,Ben Lomond,6
s401954,0,VicMicro,2_15_2022,146.2908244,-37.96905046,1939_BUSHFIRE,18,25.75,NA,344.86224,6.88,1.28,1.06,0.26,0.2,2,4.12,3.5,5,169,24.67,49.57,8.6,2.5,Forest,78,South Eastern Highlands,20
s401956,0,VicMicro,2_15_2022,146.4612762,-38.61050988,NA_NA,10,28.62,NA,211.6881,0.2,9.5,5.02,1,0.29,34,3.37,5.1,24,458,32.41,38.97,5,3,Forest,78,South Eastern Highlands,44
s401964,0,VicMicro,2_15_2022,146.2639099,-38.08056599,1939_BUSHFIRE,13,27.72,NA,156.15645,2.96,2.82,2.63,0.22,0.57,1,4.74,3.8,6,168,27.34,44.94,5.7,2.5,Forest,65.00000000000001,South Eastern Highlands,14
s401972,0,VicMicro,3_15_2022,141.5596558,-38.03423517,1939_BUSHFIRE,54,19.08,NA,101.5822,0.52,5.3,3.04,0.22,0.43,3,3.9,4.6,7,110,65.99,14.93,9.9,2.5,Forest,38.000000000000014,Southern Volcanic Plain,57
s401974,0,VicMicro,2_28_2022,147.217878,-37.55587319,1965_BUSHFIRE,21,23.92,NA,652.89966,1.62,12.32,3.92,0.66,0.11,18,5.03,4.5,10,330,49.86,26.22,5.7,2.5,Forest,54,South Eastern Highlands,39
s401978,0,VicMicro,2_15_2022,146.2933663,-37.97120853,2006_BUSHFIRE,8,21.61,NA,360.0015,5.18,0.6,0.72,0.2,0.25,1,4.68,4,2,137,26.81,51.57,6.5,3,Forest,51,South Eastern Highlands,9
s401996,0,VicMicro,3_3_2022,146.1810892,-36.30295522,2021_BURN,14,13.59,NA,349.79999,1.28,2.28,0.96,0.4,0.05,2,2.62,4.3,4,193,80.54,5.87,4.9,2.5,Forest,30.000000000000004,NSW South Western Slopes,16
s401998,0,VicMicro,3_28_2022,142.9992621,-36.83341895,NA_NA,6,18.54,NA,269.28943,3.1,2.82,1.32,0.44,0.24,1,4.61,3.6,NA,241,56.6,24.86,5,2.5,Forest,37.000000000000014,Victorian Midlands,7
s402006,0,VicMicro,2_22_2022,147.8768996,-36.27076227,2020_BUSHFIRE,4,13.72,NA,674.30463,0.01,8.67,0.83,0.3,0.02,1,1.63,5.7,48,175,74.42,11.85,1.7,2.5,Forest,44.99999999999999,NSW South Western Slopes,5
s402112,0,VicMicro,3_9_2022,148.9707493,-37.30413664,NA_NA,4,18.44,NA,1050.13159,0.47,1.48,1.71,0.4,0.37,8,1.18,4.4,4,185,63.07,18.49,3.6,3,Forest,83,South Eastern Highlands,12
s402116,0,VicMicro,2_16_2022,146.2159607,-38.57075565,NA_NA,28,43.82,NA,312.62912,4.72,3.39,2.28,0.6,0.18,34,4.51,4.1,3,315,21.04,35.15,5.7,3.5,Forest,81,South Eastern Highlands,62
s402118,0,VicMicro,3_17_2022,143.5203708,-38.59817095,1939_BUSHFIRE,56,26.92,NA,254.70691,1.3,13.7,4.4,0.72,0.37,15,4.66,4.5,21,338,46.05,27.03,8.9,3,Forest,80,South Eastern Highlands,71
s402120,0,VicMicro,3_17_2022,143.5731534,-38.61613613,1939_BUSHFIRE,47,41.29,NA,421.16641,3.81,1.83,1.62,0.37,0.26,8,4.24,3.7,5,280,30.22,28.48,5.7,2.5,Forest,70,South Eastern Highlands,55
s402122,0,VicMicro,3_17_2022,143.8606784,-38.51461611,1939_BUSHFIRE,80,30.54,NA,564.4527,1.3,9.66,4.24,0.7,0.32,3,4.5,4.7,19,425,38.79,30.66,5.8,3,Forest,80,South Eastern Highlands,83
s402124,0,VicMicro,2_17_2022,146.5620512,-38.38884779,2009_BUSHFIRE,38,36.6,NA,628.46417,0.38,10.8,4.73,0.95,0.28,8,4.01,4.8,18,526,28.96,34.42,3.6,2,Forest,81,South Eastern Highlands,46
s402150,0,VicMicro,2_17_2022,146.7311651,-38.4326222,1939_BUSHFIRE,18,37.25,NA,140.01476,0.08,16.91,9.38,0.68,0.36,24,4.44,5.1,43,381,20.99,41.76,6.7,2.5,Forest,34.00000000000001,South Eastern Highlands,42
s402154,0,VicMicro,3_7_2022,145.5431645,-37.5153674,1939_BUSHFIRE,37,37.83,NA,722.24371,8.64,1.16,0.34,0.28,0.12,28,5.41,3.8,NA,153,26.92,35.25,5.1,2,Forest,89.00000000000001,South Eastern Highlands,65
s402156,0,VicMicro,3_7_2022,145.5931594,-37.5058399,2020_BURN,14,25.81,NA,712.06219,3.3,1.16,0.32,0.38,0.04,18,5.25,4.6,NA,153,50.62,23.57,7.1,2,Forest,84.00000000000001,South Eastern Highlands,32
