sample_id,reads,flow_id,date,longitude,latitude,fire,ammonium,clay,conductivity,elev,exc_aluminium,exc_calcium,exc_magnesium,exc_potassium,exc_sodium,nitrate,organic_carbon,ph,phosphorus_colwell,potassium_colwell,sand,silt,sulphur,texture,vegetation_type,woody_veg_cover
s12424,109621,A64JJ,2013-07-16,148.3395,-42.1074,,2,7.97,0.071,22,0.447,1.29,1.18,0.17,0.37,1e-10,1.74,4.5,3,107,84,8.02,6.6,1.5,Woodland,49
s12428,158702,AC9CM,2013-07-16,148.336683,-42.105769,,17,16.15,0.286,45,0.042,15.36,5.12,0.71,1.16,10,4.08,6.8,12,282,75.72,8.13,26.4,1.5,Woodland,35.00000000000001
s12430,402885,A64JJ,2013-07-16,148.2641,-42.1685,,6,15.59,0.199,51,0.026,31.61,5.41,0.38,1.14,20,5.3,6.6,12,184,76.56,7.86,14,1.5,Woodland,35.00000000000001
s12438,376184,A64JJ,2013-07-17,148.3021,-42.0578,,7,10.48,0.114,17,0.034,10.78,3.42,0.34,0.79,2,4.33,5.3,6,158,85.28,4.24,11.8,1.5,Woodland,32.00000000000001
s12444,53091,A64JJ,2013-07-18,146.6099,-42.6831,,22,39.17,0.212,1068,8.568,3.25,1.84,0.94,0.51,2,5.55,3.9,20,365,43.33,17.51,26.9,1,Other,39.000000000000014
s12446,422340,A64JJ,2013-07-18,146.625,-42.6735,,39,52.02,0.219,1035,0.628,22.88,7.91,1.49,0.96,1e-10,5.38,3.2,53,730,33.73,14.25,29.6,1,Forest,47
s12447,184685,A64JJ,2013-07-18,146.6711,-42.6793,,10,13.45,0.051,692,4.127,0.64,0.6,0.23,0.1,1e-10,4.43,3.7,15,130,79.28,7.27,9,1,Forest,67
s12459,114337,A64JJ,2013-08-14,148.7989167,-35.42356667,,11,11.96,0.042,1281,3.088,1.84,0.68,0.63,0.04,1e-10,4.58,4.2,12,247,67.02,21.02,3.2,1,Woodland,67
s12461,501689,A64JJ,2013-08-14,148.7975833,-35.42373333,,14,20.02,0.077,1266,2.097,8.23,1.72,0.82,0.07,1e-10,4.46,4,54,357,57.85,22.13,5.7,1,Forest,67
s12463,106670,A64JJ,2013-08-14,148.7978833,-35.42388333,,12,15.84,0.063,1263,0.796,10.45,1.8,0.67,0.05,1e-10,4.46,4.3,47,261,66.23,17.93,6.1,1,Forest,67
s12465,280161,A64JJ,2013-08-14,148.79855,-35.4214,,22,12.69,0.064,1262,0.2,18.56,2.4,0.74,0.05,1e-10,4.82,4.7,68,320,67.21,20.09,5,1,Forest,59.00000000000001
s12467,85203,A64JJ,2013-08-14,148.79595,-35.42375,,6,18.15,0.07,1294,0.769,8.04,0.86,0.63,0.06,1e-10,4.3,4.4,49,268,65.62,16.23,6.6,1,Forest,60.00000000000001
s12469,682178,A64JJ,2013-08-14,148.7968,-35.4235,,7,16.9,0.081,1278,0.115,12.39,1.63,0.92,0.05,1e-10,3.75,5.2,51,361,61.85,21.25,5.4,1,Forest,67
s12471,224630,A64JJ,2013-08-14,148.7971667,-35.42386667,,13,13.51,0.05,1267,0.275,10.73,1.48,0.44,0.04,1,4.38,4.8,70,202,61.21,25.28,4.2,1.5,Forest,67
s12473,671825,A64JJ,2013-08-14,148.7967667,-35.42325,,8,13.08,0.08,1300,1.019,4.2,0.83,0.42,0.04,1e-10,3.19,4.5,22,182,67.72,19.2,13.7,1,Forest,67
s12475,89965,A64JJ,2013-08-14,148.7965833,-35.42385,,16,16.13,0.101,1292,0.364,11.18,1.48,0.62,0.05,1e-10,3.42,4.7,34,289,67.63,16.24,6.1,1,Forest,67
s12477,352623,A64JJ,2013-08-14,148.7961,-35.42261667,,9,16.26,0.075,1285,0.6,7.84,0.9,0.6,0.03,1e-10,3.4,4.7,13,249,69.43,14.31,9.9,1.5,Forest,67
s12479,276376,A64JJ,2013-08-14,148.7963833,-35.42318333,,6,21.63,0.058,1287,0.543,7.85,1.16,0.33,0.04,1e-10,3.16,4.5,68,139,58.8,19.57,4.9,1,Forest,67
s12493,164863,AC9CM,2014-05-12,149.0083,-35.881100000000004,,5,12.23,0.036,1111,0.089,7.7,1.84,0.45,0.02,1,2.62,5.3,26,220,61.17,26.61,3.2,2.5,Woodland,34.00000000000001
s12558,120345,B3C4H,2015-04-06,148.151667,-35.656611,,19,14.87,0.049,NA,3.848,2.83,1.15,0.77,0.08,1e-10,4.79,4.4,14,302,55.21,29.92,3.4,2,Forest,63.000000000000014
s12562,389437,AAVYC,2014-11-04,149.0083,-35.881100000000004,,10,11.06,0.061,1111,0.073,8.9,2.17,0.62,0.03,1e-10,3.45,5.1,31,241,63.39,25.56,4.7,2,Woodland,34.00000000000001
s12574,121461,AC9CM,2014-02-17,149.0083,-35.881100000000004,,6,11.06,0.048,1111,0.036,9.67,2.3,0.52,0.02,2,3.64,5.2,27,231,63.39,25.56,4,2,Woodland,34.00000000000001
s12592,439347,ANVM7,2014-03-06,139.84894,-34.09934,,1e-10,4.87,0.06,35,0.083,2.47,0.88,0.27,0.15,8,0.56,6.2,37,145,95.13,1e-10,9.9,1.5,Other,37.000000000000014
s12594,222792,ANVM7,2014-03-06,139.84894,-34.09934,,2,4.95,0.051,35,0.046,3.02,0.84,0.31,0.01,7,0.47,6.7,44,147,94.05,1,5.1,1.5,Other,37.000000000000014
s12614,601866,AAVYC,2014-01-23,150.265414,-33.659823,,4,9.44,0.158,1014,0.038,11.06,1.62,0.79,0.15,50,3.11,6.1,165,310,82.12,8.44,16.7,1.5,Other,69
s12616,506535,AAVYC,2014-01-23,150.265414,-33.659823,,1e-10,9.65,0.114,1014,0.037,9.5,1.18,0.36,0.04,49,3.56,5.4,92,152,84.96,5.39,7.5,1.5,Other,69
s12618,565981,AAVYC,2014-01-28,150.268179,-33.652818,,2,10.64,0.185,1020,0.027,13.49,2.27,0.33,0.21,43,3.88,6.3,193,543,82.91,6.45,16.9,1.5,Other,51
s12620,322385,AAVYC,2014-01-28,150.268179,-33.652818,,5,9.75,0.076,1020,0.026,11.11,0.82,0.45,0.07,15,3.38,5.9,102,177,85.89,4.36,9.1,1.5,Other,51
s12622,367700,AAVYC,2014-01-28,150.267825,-33.652974,,2,12.52,0.051,1020,0.092,9.46,1.21,0.45,0.04,14,1.8,5.1,173,176,81.17,6.31,4.1,1.5,Other,51
s12624,428181,AAVYC,2014-01-28,150.267756,-33.652613,,5,14.93,0.059,1020,0.052,9.71,1.47,0.7,0.04,4,3.78,5.4,113,275,76.48,8.59,4.6,1.5,Other,51
s12816,74175,A5P6W,2013-10-30,145.4478833,-16.10341667,,17,24.16,0.099,100,1.552,1.69,1.27,0.41,0.2,4,4.93,4.2,7,161,56.88,18.95,14.2,1.5,Forest,86.00000000000001
s12818,61511,A5P6W,2013-10-30,145.4472167,-16.10298333,,16,19.42,0.104,56,0.368,5.16,1.79,0.5,0.16,28,4.62,4.6,9,196,41.63,38.94,11.3,2,Forest,86.00000000000001
s12819,75828,A5P6W,2013-10-30,145.4478833,-16.10341667,,16,NA,0.108,56,0.134,10.34,2.72,0.81,0.26,16,5.36,4.9,8,332,NA,NA,12.9,2,Forest,86.00000000000001
s12824,165826,A5P6W,2013-10-29,145.6308833,-17.12108333,,14,25.09,0.05,718,1.648,0.33,0.37,0.18,0.06,7,3.23,4.1,8,72,68.62,6.29,6.9,1.5,Forest,85.00000000000001
s12828,79101,A5P6W,2013-10-29,145.61195,-17.1036,,58,21.41,0.081,895,1.182,2.38,0.96,0.32,0.09,3,4.34,4.4,7,123,68.93,9.66,10.8,1.5,Forest,86.00000000000001
s12830,40615,A5P6W,2013-10-29,145.6202167,-17.09208333,,27,28.53,0.079,1129,1.674,0.68,0.47,0.18,0.1,11,4.08,4.1,6,69,57.7,13.76,12.4,1.5,Forest,86.00000000000001
s12832,190479,AAUF6,2013-09-19,152.878317,-27.387599,,10,16.7,0.025,95,0.286,2.05,1.02,0.11,0.09,1,1.73,4.8,5,42,78.29,5.01,3.7,2,Other,43.99999999999999
s12834,207988,AAUF6,2013-09-19,152.87905,-27.387121,,9,20.1,0.03,61,0.16,1.79,0.92,0.1,0.05,5,1.46,4.9,5,39,75.4,4.6,3.2,2,Woodland,43.99999999999999
s12838,71719,A5P6W,2013-08-21,153.083025,-27.632688,,4,NA,0.024,47,1.021,0.87,0.9,0.1,0.12,1e-10,1.63,4.5,3,38,NA,NA,3,2.5,Forest,54
s12884,294262,A64JJ,2013-09-05,145.029247,-36.673214,,3,NA,0.077,152,0.595,2.56,4.97,0.72,0.7,1,3.13,4.5,6,295,NA,NA,7.2,2.5,Woodland,39.000000000000014
s12891,91678,A5P6W,2013-09-23,144.05391,-37.25205,,NA,NA,NA,730,NA,NA,NA,NA,NA,NA,NA,NA,NA,NA,NA,NA,NA,NA,Forest,43.99999999999999
s12903,351241,AAVYC,2013-12-06,146.6542886,-43.09507123,,10,32.26,0.092,100,4.175,1.19,0.97,0.27,0.13,1,4.62,3.4,8,123,34.03,44.19,10.2,1,Forest,74
s13268,158509,AAUF6,2013-10-24,144.11969,-39.935,,19,15.93,0.37,79,0.321,3.73,3.22,0.44,2.34,1e-10,4.95,3.3,7,170,68.01,16.06,23.7,2,Woodland,63.000000000000014
s13270,137970,AAUF6,2013-10-24,144.08213,-39.89271,,5,11.28,0.052,35,0.351,2.17,1.26,0.16,0.31,1e-10,4.69,3.2,4,63,81.88,6.84,5,1.5,Shrubland,72
s13739,128787,AAVYC,,130.794355,-13.179121,,6,NA,0.013,NA,0.781,0.35,1.03,0.08,0.07,1e-10,2.98,4.9,4,33,NA,NA,1.3,1.5,Savannah,30.000000000000004
s138364,137212,J9GGM,2019-10-15,116.45609,-32.92999,,3,11.03,0.011,358,0.03,3.4,0.89,0.05,0.05,1e-10,2.03,5.2,2,27,82.32,6.65,4.7,2.0,Forest,34.00000000000001
s138366,89872,J9GGM,2019-10-15,116.45549,-32.93049,,4,10.34,0.036,358,0.34,4,1.19,0.14,0.16,1e-10,4.2,4.6,3,61,85.48,4.18,8.5,2.0,Forest,34.00000000000001
s138374,129599,J9GGM,2019-10-16,116.44527,-32.90898,,7,13.9,0.053,315,0.15,12.73,3.25,0.23,0.24,1,4.36,5,4,105,72.1,14,8.1,2.0,Forest,32.00000000000001
s138388,198781,J9GGM,2019-10-16,116.43233,-32.92172,,6,20.61,0.027,286,0.08,7.86,1.61,0.21,0.12,1,3.74,5.1,6,88,75.24,4.14,6,2.5,Forest,30.000000000000004
s138390,142749,J9GGM,2019-12-10,116.43416,-32.9151,,7,14.41,0.058,350,0.06,6.12,1.57,0.21,0.32,1e-10,3.59,5.1,4,95,74.22,11.37,11.5,2.0,Forest,40.000000000000014
s138394,319556,J9GGM,2019-12-10,116.42781,-32.93388,,1,8.84,1e-10,341,0.03,2.64,0.67,0.08,0.04,1e-10,1.17,5.4,1e-10,42,81.28,9.88,9.4,2.0,Forest,35.00000000000001
s138400,232856,J9GGM,2019-12-10,116.46324,-32.92707,,5,13.38,0.037,361,0.12,5.23,1.41,0.13,0.16,1e-10,3.55,4.7,4,59,75.26,11.36,9.5,2.5,Forest,34.00000000000001
s138524,35593,K3W8G,2022-03-15,147.00798,-41.0368,,3,7.91,0.063,NA,0.17,2.82,0.86,0.13,0.16,1e-10,2.17,3.7,3,56,90.09,2,5.5,1.5,Woodland,60.00000000000001
s138526,53880,K3W8G,2022-03-16,147.061171,-40.999369,pre-2001,1,2.92,0.021,NA,0.07,0.74,0.29,0.07,0.05,1e-10,0.83,4.1,1e-10,31,96.09,0.99,1.4,1.5,Shrubland,36.00000000000001
s138528,55249,K3W8G,2022-03-16,147.061407,-40.998746,wildfire Nov 2019,2,1.95,0.017,NA,0.08,0.99,0.38,0.06,0.05,1e-10,1.07,4.2,1e-10,33,94.07,3.99,1.5,1.5,Shrubland,36.00000000000001
s138530,38536,K3W8G,2022-03-16,147.063393,-40.991764,wildfire Nov 2019,14,26.9,0.35,NA,0.03,11.08,10.87,0.94,3.34,11,4.52,5.3,16,426,41.96,31.15,22.8,1.5,Woodland,39.000000000000014
s138532,77892,K3W8G,2022-03-16,147.00794,-41.036665,,2,5.89,0.04,NA,0.14,1.8,0.75,0.11,0.13,1e-10,1.78,3.8,3,37,92.11,2,2.7,1.5,Woodland,60.00000000000001
s138590,111772,KBJ9G,2021-06-18,136.584113,-14.10286,,3,7.93,0.017,NA,0.6,1.46,0.52,0.03,0.03,2,1.29,4.6,1e-10,24,90.08,1.99,1.7,1.0,Woodland,40.000000000000014
s138598,466648,KBJ9G,2021-06-17,136.703332,-14.224496,,1e-10,3.8,0.062,NA,0.37,0.11,0.06,0.02,0.02,1e-10,0.13,4,1e-10,1e-10,94.28,1.92,34.5,1.0,Savannah,42.99999999999999
s138604,312811,KBJ9G,2021-06-16,136.431654,-14.082337,,5,7.82,1.911,NA,0.05,9.93,3.92,0.29,5.86,11,1.56,6.1,6,159,88.25,3.93,681.4,1.5,Mangrove,40.99999999999999
s13892,113706,AAVYC,2013-03-18,138.2613,-35.60827,,6,21.32,0.078,306,0.493,5.21,1.88,0.39,0.27,1e-10,3.48,4.8,2,153,60.51,18.17,8.1,1.5,Woodland,48
s13893,206923,AAVYC,2013-03-18,138.6902,-35.27211,,2,15.43,0.041,330,1.086,1.2,0.79,0.19,0.15,1e-10,2.16,4.3,1e-10,73,69.08,15.48,5.7,1.5,Woodland,61.00000000000001
s13895,300666,AAVYC,2013-03-20,138.1363,-32.74842,,4,12.56,0.042,627,0.071,5.17,1.19,0.28,0.11,5,2.58,4.7,3,109,75.97,11.47,6.2,1.5,Woodland,48
s13896,271414,AAVYC,2013-03-20,138.6038,-33.9142,,10,16.43,0.061,539,0.338,6.47,2.61,0.41,0.19,2,3.93,4.6,5,160,68.19,15.38,8.6,1.5,Woodland,39.000000000000014
s13899,116946,AAUF6,2013-03-21,138.9086,-34.6831,,12,11.2,0.049,350,0.156,4.25,0.75,0.22,0.09,2,2.39,4.9,3,84,81.64,7.16,7.3,1.5,Woodland,44.99999999999999
s13900,172677,AAUF6,2013-03-21,138.7083,-34.88076,,5,4.8,0.06,250,0.155,2.45,0.53,0.22,0.06,3,1.58,4.6,1e-10,86,87.43,7.77,4.1,1.5,Woodland,34.00000000000001
s13901,139485,AAUF6,2013-03-21,138.727,-34.93343,,12,7.01,0.054,507,0.255,2.57,0.86,0.15,0.09,3,1.93,4.4,3,58,87.94,5.04,5.3,2,Woodland,55.00000000000001
s13905,139150,AAUF6,2013-03-24,138.5946,-31.54388,,15,23.04,0.106,596,0.059,9.26,3.56,0.64,0.13,28,2.39,6,9,251,64.33,12.62,9.2,1.5,Shrubland,33.00000000000001
s139068,186191,J9FL8,2019-12-20,116.02238,-32.29387,,2,8.12,0.018,285,0.17,3.06,0.84,0.08,0.1,1e-10,2.43,5,7,47,87.8,4.08,4.8,2.0,Forest,43.99999999999999
s140218,59522,JC328,2020-04-08,138.650709,-35.102142,,4,25.13,0.082,261,0.02,8.43,3.35,0.52,0.35,10,2.66,5.3,3,301,39.12,35.75,8,3.0,Woodland,38.000000000000014
s140220,59897,JC328,2020-04-08,138.650715,-35.101944,,5,22.85,0.071,262,0.2,12.84,3.12,0.57,0.31,11,5.15,4.6,4,297,40.41,36.74,6.6,3.0,Woodland,38.000000000000014
s140222,45215,JC328,2020-04-08,138.650319,-35.101999,,7,25.16,0.095,255,0.03,10.97,4.66,0.6,0.45,14,4.44,5,5,366,33.49,41.36,7.1,3.0,Woodland,38.000000000000014
s140224,145413,JC328,2020-04-08,138.654574,-35.091696,,3,15.09,0.048,334,0.5,2.77,0.97,0.25,0.15,16,2.55,4.3,6,114,78.43,6.49,4.1,2.0,Woodland,30.000000000000004
s140226,145735,JC328,2020-04-08,138.65477,-35.090961,,4,15.79,0.047,336,0.45,3.15,1.18,0.28,0.15,11,2.93,4.3,7,138,75.75,8.45,3.6,2.0,Woodland,30.000000000000004
s140228,158250,JC328,2020-04-08,138.6549204,-35.0906934,,6,15.81,0.054,337,0.53,2.78,0.84,0.19,0.13,16,2.57,4.2,7,85,75.74,8.46,5.5,2.0,Woodland,30.000000000000004
s140232,427343,JC328,2020-04-08,138.659129,-35.085429,,2,12.69,0.062,349,0.08,5.29,1.34,0.6,0.22,22,2.71,4.9,32,278,78.81,8.5,2.5,2.0,Woodland,40.99999999999999
s140234,135800,JC328,2020-04-08,138.659439,-35.085733,,5,16.13,0.053,348,0.28,3.7,0.98,0.51,0.22,18,2.81,4.5,20,251,76.32,7.55,3.7,2.0,Woodland,40.99999999999999
s140236,76994,JC328,2020-04-09,138.658608,-35.081399,,6,22.9,0.079,325,0.25,12.64,6.17,0.65,0.49,12,5.37,4.3,6,331,31.08,46.03,4.8,2.5,Woodland,43.99999999999999
s140238,97874,JC328,2020-04-09,138.658225,-35.081391000000004,,7,28.03,0.111,321,0.03,19.58,7.16,0.68,0.55,27,4.97,5,9,377,34.52,37.45,6.1,3.0,Woodland,43.99999999999999
s140240,68604,JC328,2020-04-09,138.657617,-35.081551,,6,16.23,0.121,317,0.08,15.23,5.82,0.47,0.47,18,4.63,4.5,5,251,59.35,24.42,7.4,2.0,Woodland,43.99999999999999
s140242,42402,JC328,2020-04-09,138.657191,-35.081479,,6,21.1,0.107,311,0.08,9.69,3.42,0.45,0.36,26,4.91,4.6,4,243,60.05,18.86,4.5,2.5,Woodland,43.99999999999999
s140244,51510,JC328,2020-04-09,138.676234,-35.091744,,4,19.68,0.081,252,0.05,9.08,4.11,0.63,0.4,11,4.26,4.9,11,434,42.94,37.38,5.5,3.0,Woodland,43.99999999999999
s140246,48591,JC328,2020-04-09,138.676184,-35.091563,,4,22.96,0.076,254,0.36,4.63,3.17,0.49,0.34,11,3.97,4.5,6,305,39.31,37.74,6.8,3.0,Woodland,43.99999999999999
s140248,54375,JC328,2020-04-10,138.67605,-35.091272,,3,20.82,0.036,257,0.83,3.15,1.5,0.36,0.16,10,3.28,4.1,5,217,47.8,31.38,3.8,3.0,Woodland,43.99999999999999
s140250,152575,JC328,2020-04-10,138.677674,-35.098208,,3,26.53,0.081,272,0.34,7.53,2.82,0.6,0.28,21,5.2,4.1,8,447,44.62,28.86,4.6,3.0,Woodland,31.000000000000007
s140252,1058094,JC328,2020-04-10,138.677728,-35.097955,,3,26.15,0.088,270,0.24,4.32,1.45,0.46,0.22,14,4.71,4.2,7,388,43.22,30.63,4.1,3.0,Woodland,31.000000000000007
s140254,153828,JC328,2020-04-10,138.677626,-35.097955,,4,28.83,0.108,266,0.2,4.94,1.85,0.48,0.33,15,5.04,4.3,11,448,37.79,33.39,6.3,3.0,Woodland,31.000000000000007
s140258,87392,JC328,2020-04-10,138.684929,-35.103062,,3,16.29,0.04,273,0.22,4.35,1.2,0.41,0.12,13,2.58,4.7,3,203,67.32,16.39,2.6,2.5,Woodland,38.000000000000014
s14181,161710,AGEDA,2014-10-15,147.781349,-24.83835,,4,15.93,0.031,860,0.103,4.35,2.05,0.23,0.09,2,1.53,5.1,8,101,79.08,4.99,1.2,2,Woodland,39.000000000000014
s14183,388442,AGEDA,2014-10-15,147.521225,-24.853827,,2,4.91,0.014,738,0.169,1.29,0.33,0.11,0.02,3,0.93,4.8,18,42,92.12,2.98,0.7,1,Woodland,40.000000000000014
s14185,166162,AGEDA,2015-01-29,145.08186,-41.65563,,8,23.05,0.522,16,0.573,14.84,10.79,0.77,1.71,1e-10,5,3.9,62,307,59.59,17.36,50.6,2,Forest,70
s14187,121116,AGEDA,2015-01-31,145.09314,-41.58365,,12,21.58,0.187,244,1.458,2.22,3.36,0.44,0.75,1,5.4,3.4,11,194,56.75,21.67,39.5,1,Shrubland,49
s15823,514499,ANVM7,2014-08-21,152.424374,-28.229765,,80,NA,0.19,1110,3.029,6.34,2.16,0.82,0.12,105,5.78,4.4,31,347,NA,NA,14.3,1.5,Forest,77
s15825,682238,ANVM7,2014-08-21,152.424726,-28.288659,,78,NA,0.168,1120,2.939,6.84,1.79,0.9,0.08,71,5.66,4.2,41,350,NA,NA,16.1,1.5,Forest,37.000000000000014
s15827,538698,ANVM7,2014-08-21,152.426866,-28.227608,,72,NA,0.107,1140,0.464,12.83,3.22,0.92,0.13,24,5.51,4.8,30,366,NA,NA,19.4,1.5,Forest,77
s15829,409463,ANVM7,2014-08-21,152.427209,-28.227565,,57,NA,0.089,1140,0.068,27.73,8.24,1.31,0.21,7,5.22,5.4,136,535,NA,NA,5.5,1.5,Forest,77
s15865,136820,AGEDA,,143.09814,-13.83469,,2,2.9,0.024,NA,0.15,0.99,0.43,0.08,0.09,6,0.99,4.4,3,33,95.13,1.97,1.3,1,,36.00000000000001
s15867,222982,AGEDA,,143.09857,-13.82992,,3,2.96,0.03,NA,0.255,0.79,0.38,0.04,0.1,10,1.14,4.3,3,17,95.03,2.01,1.4,1,,37.000000000000014
s15877,185401,AGEDA,,141.88817,-13.77233,,9,24.15,0.23,NA,3.444,0.41,0.72,0.15,0.19,98,4.6,4,9,65,51.6,24.26,3.8,2,,42.99999999999999
s15879,171114,AGEDA,,141.89049,-13.77007,,15,24.53,0.294,NA,4.327,0.94,0.81,0.18,0.11,162,4.2,3.9,15,69,59.06,16.42,7.7,2.5,,39.000000000000014
s15881,114111,AGEDA,,141.68107,-13.60245,,7,40.36,0.165,NA,5.685,0.3,0.41,0.2,0.15,81,4.31,3.9,14,78,35.36,24.28,11.3,2.5,,40.99999999999999
s15883,132655,AGEDA,,141.6841,-13.60315,,12,40.8,0.059,NA,3.294,0.18,0.23,0.14,0.1,17,3.23,4.1,9,55,51.02,8.18,8.4,2,,39.000000000000014
s15947,92011,AGEDA,2014-10-15,147.40767,-42.40422,,4,6.07,0.04,NA,1.363,0.47,0.35,0.24,0.11,0.5,2.51,3.6,7,104,89.82,4.11,3.6,1.5,,44.99999999999999
s15949,127773,AGEDA,2014-10-15,147.39757,-42.32849,,5,8.16,0.029,NA,1.767,0.89,0.96,0.32,0.11,0.5,3.06,3.3,12,148,87.71,4.13,2.1,1.5,,44.99999999999999
s15955,145826,AGEDA,2014-10-17,147.50573,-42.8223,,2,5.81,0.021,NA,0.035,2.56,0.61,0.15,0.06,0.5,1.16,4.8,4,75,92.22,1.97,1.8,1.5,,43.99999999999999
s15965,148229,AGEDA,2014-10-17,147.45611,-42.54522,,9,7.91,0.031,NA,1.17,0.89,0.71,0.22,0.08,0.5,2.25,3.5,8,104,90.08,2,2.8,1.5,,53
s15969,137452,AGEDA,2014-10-24,147.04742,-42.38784,,4,5.8,0.03,NA,1.222,0.87,0.57,0.27,0.06,0.5,2.3,3.3,6,108,84.36,9.84,1.7,1.5,,32.00000000000001
s15981,134032,AGEDA,2014-11-07,147.20049,-42.55598,,9,25.03,0.054,NA,0.021,24.09,6.61,0.64,0.41,14,4.9,5.1,17,304,51.94,23.04,5.7,2,,38.000000000000014
s15987,129684,AGEDA,2014-11-13,147.01964,-42.40184,,3,12.12,0.023,NA,1.973,0.72,0.58,0.28,0.1,0.5,2.67,4,12,110,87.88,1e-10,2,1.5,,36.00000000000001
s15997,169728,AGEFG,2014-11-13,146.77292,-42.57264,,2,2.99,0.02,NA,1.051,0.68,0.4,0.15,0.05,0.5,1.2,3.7,9,75,92.95,4.06,1.6,1.5,,32.00000000000001
s16001,134378,AGEFG,2014-11-21,147.31891,-41.77754,,6,9.36,0.036,NA,0.729,2.74,0.8,0.15,0.09,0.5,2.74,4.3,3,59,82.27,8.37,3.8,1.5,,49
s19273,182344,AGECM,2014-12-12,138.162344,-35.654969,,6,24.04,0.157,120,0.18,6.93,3.79,0.8,1.23,140,3.7,4.5,10,482,54.01,21.95,22,2,Woodland,32.00000000000001
s19275,316922,AGECM,2014-12-12,138.162904,-35.655037,,1e-10,21.35,0.11,125,0.054,8.48,3.85,0.67,0.74,60,3.5,4.8,7,420,59.33,19.31,11.1,2,Woodland,32.00000000000001
s19277,333298,AGECM,2014-12-12,138.162765,-35.655538,,1e-10,19.53,0.12,118,0.086,8.54,2.91,0.65,0.56,106,3.6,4.8,9,401,63.01,17.46,10.5,2,Woodland,32.00000000000001
s19279,120407,AGECM,2014-12-12,138.16255,-35.655371,,24,26.67,0.193,119,0.139,10.01,5.2,0.8,1.22,68,4.4,4.6,10,450,53.24,20.09,19,2,Woodland,32.00000000000001
s19281,206845,AGECM,2014-12-17,138.654574,-35.091696,,11,16.47,0.06,334,0.176,3.85,1.03,0.42,0.14,9,2.93,4.6,10,244,77.32,6.21,5.2,2,Woodland,30.000000000000004
s19283,232416,AGECM,2014-12-17,138.65477,-35.090961,,12,14.34,0.105,336,0.276,3.68,1.04,0.34,0.28,6,3.27,4.5,12,183,75.35,10.31,4.2,2,Woodland,30.000000000000004
s19285,276580,AGECM,2014-12-17,138.6549204,-35.0906934,,8,16.35,0.062,337,0.287,3.65,1.01,0.35,0.18,8,2.73,4.5,12,179,75.42,8.23,5.3,2,Woodland,30.000000000000004
s19289,347441,AGECM,2014-12-17,138.659129,-35.085429,,5,12.19,0.075,349,0.182,4,1.17,0.39,0.17,14,2.77,4.7,29,201,79.61,8.2,5.1,2,Woodland,40.99999999999999
s19291,182706,AGECM,2014-12-17,138.659439,-35.085733,,8,14.77,0.077,348,0.269,4.49,1.14,0.46,0.13,20,3.57,4.5,14,259,76.73,8.5,5.1,2,Woodland,40.99999999999999
s19299,185418,AGECM,2014-12-17,138.677674,-35.098208,,6,19.42,0.068,272,0.147,8.9,2.57,0.78,0.25,9,4.7,4.5,16,566,54.53,26.04,6.3,2,Woodland,31.000000000000007
s19301,187989,AGECM,2014-12-17,138.677728,-35.097955,,6,24.59,0.044,270,0.164,9.14,3.46,0.75,0.32,12,5,4.6,18,606,46.6,28.81,6.4,2,Woodland,31.000000000000007
s19303,188773,AGECM,2014-12-17,138.677626,-35.097955,,9,26.77,0.056,266,0.262,8.11,2.36,0.63,0.21,1,4.9,4.5,14,473,42.22,31.01,8.4,2,Woodland,31.000000000000007
s19307,192145,AGECM,2014-12-17,138.684929,-35.103062,,14,13.98,0.025,273,0.119,4.5,1.08,0.31,0.12,1,2.27,4.8,7,197,63.88,22.13,4.2,2,Woodland,38.000000000000014
s19311,153737,AGECM,2014-12-17,138.676234,-35.091744,,14,19.51,0.045,252,0.021,15.93,5.9,0.8,0.35,1,4.7,5.5,15,504,43.23,37.25,3.8,2,Woodland,43.99999999999999
s19313,250607,AGECM,2014-12-17,138.676184,-35.091563,,16,22.07,0.04,254,0.091,7.05,3.08,0.61,0.24,1e-10,4.18,5,10,399,41.66,36.27,6.5,2,Woodland,43.99999999999999
s19315,167327,AGECM,2014-12-17,138.67605,-35.091272,,7,25.9,0.025,257,0.784,3.38,1.83,0.42,0.19,2,3.93,4.2,8,271,48.1,26,6.3,2,Woodland,43.99999999999999
s19317,178050,AGECM,2014-12-17,138.650709,-35.102142,,4,23.39,0.058,261,0.031,9.39,3.32,0.77,0.24,3,3.4,5.4,8,466,39.43,37.18,5.1,2,Woodland,38.000000000000014
s19319,162062,AGECM,2014-12-17,138.650715,-35.101944,,8,21.83,0.086,262,0.038,9.33,3.91,0.57,0.38,2,3.83,5.3,8,363,36.29,41.87,6.6,2,Woodland,38.000000000000014
s19321,195467,AGECM,2014-12-17,138.650319,-35.101999,,7,26,0.095,255,0.105,6.91,3.73,0.56,0.34,4,4,4.8,8,393,31.83,42.17,8.9,2,Woodland,38.000000000000014
s19323,120907,AGECM,2014-12-18,138.658608,-35.081399,,6,20.05,0.059,325,0.262,6.62,3.89,0.47,0.44,4,4.1,4.4,8,348,41.66,38.29,6,2,Woodland,43.99999999999999
s19325,154501,AGEFG,2014-12-18,138.658225,-35.081391000000004,,17,23.62,0.162,321,0.095,15.66,7.4,0.97,0.67,22,4,4.6,17,568,42.79,33.6,12,5,Woodland,43.99999999999999
s19327,90281,AGEDA,2014-12-18,138.657617,-35.081551,,8,19.75,0.076,317,0.305,11.06,4.7,0.52,0.44,2,4.2,4.3,12,315,60.4,19.85,5.4,2,Woodland,43.99999999999999
s19329,147413,AGEDA,2014-12-18,138.657191,-35.081479,,4,14.37,0.18,311,0.17,12.87,5.07,0.51,0.58,209,4.1,4.3,12,274,66.3,19.32,11.6,2,Woodland,43.99999999999999
s19469,162743,AGEFG,2015-02-18,150.73385,-33.62103,,14,46.96,0.11,31,1.122,2.87,1.9,1.27,0.26,22,4.32,4.6,10,494,26.45,26.6,16.2,2,Marsh/bog,44.99999999999999
s19471,249814,AGEFG,2015-02-18,150.73375,-33.62067,,77,44.04,0.224,31,1.427,4.02,1.95,1.66,0.48,47,5.95,4.5,16,646,26.54,29.43,32.3,2,Marsh/bog,44.99999999999999
s19473,252940,AGEFG,2015-02-18,150.73423,-33.62075,,87,49.49,0.161,34,1.834,3.62,1.9,1.27,0.33,39,5.59,4.4,12,494,24.64,25.88,28.2,2,Marsh/bog,44.99999999999999
s19475,189784,AGEFG,2015-02-18,150.7354,-33.6213,,9,9.93,0.025,33,0.043,2.89,0.52,0.18,0.03,15,1.28,4.9,5,70,78.02,12.04,3.9,2,Woodland,44.99999999999999
s19477,116558,AGEFG,2015-02-18,150.73577,-33.62083,,5,7.83,0.032,35,0.049,1.77,0.51,0.24,0.04,7,1.02,4.9,4,92,80.28,11.89,2.9,2,Woodland,44.99999999999999
s19479,216425,AGEFG,2015-02-19,150.72268,-33.61517,,5,20.62,0.036,28,1.186,1.22,2.09,0.23,0.4,1e-10,2.91,4.2,4,110,52.43,26.94,5.4,2,Woodland,57.00000000000001
s19481,191971,AGEFG,2015-02-19,150.72482,-33.61583,,11,13.84,0.052,32,1.048,1.12,1.32,0.29,0.44,5,3.18,4.1,7,129,58.27,27.89,7,2,Woodland,57.00000000000001
s19483,277637,AGEFG,2015-02-19,150.72493,-33.61353,,17,22.15,0.023,37,0.84,1.32,0.82,0.27,0.12,8,3.76,4.1,7,104,35.36,42.49,6.6,2,Woodland,54
s19501,136079,AGEFG,2015-02-23,150.72577,-33.61158,,7,4.05,0.025,36,0.486,0.66,0.21,0.12,0.02,4,1.35,4.4,4,51,85.58,10.37,3.8,1.5,Woodland,54
s19505,213077,AGEFG,2015-02-23,150.72878,-33.6145,,11,3.93,0.045,38,0.283,1.12,0.43,0.21,0.03,8,1.2,4.4,5,87,85.99,10.08,3.9,1.5,Woodland,54
s19507,257576,AGEFG,2015-02-25,150.71983,-33.61007,,11,16.47,0.071,29,0.053,19.27,3.32,0.48,0.18,17,4.66,5.1,12,225,50.39,33.14,6.8,2,Woodland,56.00000000000001
s19509,166776,AGEFG,2015-02-25,150.72043,-33.61072,,18,24.09,0.061,32,1.135,1.51,0.95,0.61,0.1,9,3.7,4,12,244,43.65,32.26,10,2,Woodland,56.00000000000001
s19511,245328,AGEFG,2015-02-25,150.72095,-33.61255,,6,8.12,0.03,38,0.339,0.61,0.33,0.14,0.05,1,1.22,4.4,3,62,87.77,4.11,4.8,1.5,Woodland,56.00000000000001
s19513,155803,AGEFG,2015-02-25,150.72,-33.61103,,30,31.49,0.227,28,0.519,11.69,3.41,0.57,0.7,59,5.9,4.2,26,222,27.17,41.34,39.3,1.5,Marsh/bog,56.00000000000001
s19515,213341,AGEFG,2015-02-25,150.72173,-33.61572,,8,12.43,0.053,26,0.977,0.6,0.79,0.23,0.26,1e-10,2.34,4.2,4,114,68.77,18.8,5,2,Woodland,54
s19553,192033,B3C4H,2015-11-25,146.6440339,-43.09177664,,NA,NA,NA,120,NA,NA,NA,NA,NA,NA,NA,NA,NA,NA,NA,NA,NA,NA,Forest,88.00000000000001
s19555,195675,B3C4H,2015-11-25,146.6442606,-43.08869766,,NA,NA,NA,180,NA,NA,NA,NA,NA,NA,NA,NA,NA,NA,NA,NA,NA,NA,Forest,88.00000000000001
s19557,194329,B3C4H,2013-12-06,146.6542886,-43.09507123,,NA,NA,NA,100,NA,NA,NA,NA,NA,NA,NA,NA,NA,NA,NA,NA,NA,NA,Forest,74
s19559,163381,B3C4H,2015-11-25,146.8072247,-43.16770086,,NA,NA,NA,280,NA,NA,NA,NA,NA,NA,NA,NA,NA,NA,NA,NA,NA,NA,Forest,87.00000000000001
s19561,156189,B3C4H,2015-11-25,146.6831746,-43.09763684,,NA,NA,NA,120,NA,NA,NA,NA,NA,NA,NA,NA,NA,NA,NA,NA,NA,NA,Forest,37.000000000000014
s19563,145585,B3C4H,2015-11-25,146.7088927,-43.21444386,,NA,NA,NA,380,NA,NA,NA,NA,NA,NA,NA,NA,NA,NA,NA,NA,NA,NA,Forest,58.00000000000001
s19565,157251,B3C4H,2015-11-25,146.7409397,-43.04549934,,NA,NA,NA,80,NA,NA,NA,NA,NA,NA,NA,NA,NA,NA,NA,NA,NA,NA,Forest,54
s19567,182721,B3C4H,2015-11-25,146.7472972,-43.10285718,,NA,NA,NA,240,NA,NA,NA,NA,NA,NA,NA,NA,NA,NA,NA,NA,NA,NA,Forest,69
s19569,177931,B3C4H,2015-11-25,146.8372982,-43.10942304,,NA,NA,NA,120,NA,NA,NA,NA,NA,NA,NA,NA,NA,NA,NA,NA,NA,NA,Forest,73
s19577,75862,B39FT,2015-11-11,151.1349573,-33.6733605,,9,8.99,0.033,NA,1.182,0.65,0.27,0.06,0.09,1e-10,1.13,4.5,2,23,88,3.01,5,1.5,,34.00000000000001
s19579,72723,B39FT,2015-11-12,150.6259495,-33.59466727,,11,11.08,0.036,NA,2.124,0.12,0.18,0.12,0.09,1e-10,1.56,4,3,45,82.85,6.07,7.1,1,,72
s19581,90913,B39FT,2015-11-13,150.5658457,-33.52670176,,3,20.25,0.022,NA,2.898,0.21,0.21,0.12,0.06,1e-10,2.33,3.8,1e-10,48,71.62,8.12,7.6,3,,55.00000000000001
s19583,92251,B39FT,2015-11-15,150.4564183,-33.70503742,,5,7.01,0.042,NA,2.328,0.47,0.32,0.07,0.06,1e-10,2.95,3.5,3,27,88.96,4.03,6.8,1,,65.00000000000001
s19585,109118,B39FT,2015-11-16,150.319166,-33.64796144,,6,13.4,0.026,NA,1.655,0.21,0.12,0.07,0.08,1e-10,2.23,4.1,1e-10,28,77.29,9.31,6.8,3,,64.00000000000001
s19587,60240,B39FT,2015-11-19,150.251209,-33.31107767,,18,14.09,0.046,NA,4.474,0.26,0.22,0.11,0.06,1e-10,3.3,3.8,5,44,77.83,8.08,9.7,1,,49
s19589,52671,B39FT,2015-11-19,150.1397234,-33.32938057,,13,19.06,0.037,NA,3.384,0.46,0.28,0.19,0.04,1e-10,2.71,4,3,73,69.88,11.06,7.1,1.5,,65.00000000000001
s19591,76443,B39FT,2015-11-20,150.0272657,-33.22036813,,16,19.79,0.051,NA,4.67,3.76,1.82,0.5,0.05,1e-10,4.3,3.3,9,194,53.43,26.78,9.5,3.5,,50
s19592,61944,B39FT,2015-11-21,150.364634,-33.57884446,,4,11.97,0.021,NA,1.519,0.42,0.22,0.07,0.02,1e-10,1.99,4.1,2,26,84.03,4.01,5.2,3,,52
s19594,82993,B39FT,2015-11-18,150.2281468,-33.08392283,,2,27.91,0.07,NA,0.124,8,7.24,0.92,0.2,3,2.53,4.9,4,406,57.6,14.5,10.8,3,,38.000000000000014
s19595,84232,B39FT,2016-06-02,132.2700811,-13.55727929,,5,10.98,0.012,NA,0.74,0.69,0.69,0.06,0.02,1e-10,1.28,4.6,3,22,87.02,2.01,1.5,1,,35.00000000000001
s19617,124690,B3C4H,2016-10-10,117.15546,-34.619163,,2,5.93,0.027,NA,0.31,3.76,0.98,0.07,0.1,1e-10,2.15,4,2,28,94.08,1e-10,3.5,1.5,,47
s19619,204360,B3C4H,2016-10-11,117.266107,-34.599564,,3,2.98,0.024,NA,0.122,2.92,0.91,0.09,0.08,1e-10,1.49,4.4,2,34,94.99,2.02,2,1.5,,41.99999999999999
s39041,70842,B39FT,2016-09-06,116.14246,-32.51827,,2,11.99,0.015,NA,0.061,2.98,0.77,0.12,0.06,1e-10,2.24,5.2,7,51,82.99,5.02,5.9,2,,49
s39043,85076,B39FT,2016-09-06,116.14239,-32.51761,,4,11.92,0.031,NA,0.089,4.12,1.66,0.19,0.15,1e-10,2.86,5.2,4,75,78.11,9.97,5.5,2.5,,49
s39045,128429,B39FT,2016-09-06,116.18371,-32.52046,,2,11.08,0.01,NA,0.104,2.05,0.58,0.09,0.05,1e-10,1.94,5.2,13,42,78.8,10.12,4.1,1,,59.00000000000001
s39047,93375,B39FT,2016-09-06,116.18426,-32.51976,,2,7,0.036,NA,0.039,2.54,0.79,0.13,0.08,1e-10,1.81,5.5,1e-10,68,88.98,4.03,5.7,1.5,,59.00000000000001
s39049,113564,B39FT,2016-09-06,116.17192,-32.52362,,2,9.04,0.019,NA,0.19,1.64,0.37,0.1,0.06,1e-10,2.02,5.2,12,40,87.93,3.03,6.9,1,,60.00000000000001
s39051,89072,B39FT,2016-09-06,116.1718,-32.5227,,3,12.88,0.025,NA,0.106,0.91,0.27,0.08,0.05,1e-10,1.17,5.2,1e-10,32,78.16,8.95,4.8,1,,60.00000000000001
s39065,121090,B39FT,2016-09-06,116.08824,-32.61953,,7,3.95,0.054,NA,0.177,2.46,1.24,0.21,0.1,1e-10,2.69,4.7,3,76,93.05,3,12,2,,65.00000000000001
s39067,100549,B39FT,2016-09-06,116.0879,-32.62009,,4,9.93,0.039,NA,0.257,1.47,0.74,0.13,0.1,1e-10,1.93,5.1,1e-10,46,85.08,4.99,6.5,2,,65.00000000000001
s39069,104657,B39FT,2016-09-06,116.06979,-32.62008,,6,15.95,0.03,NA,0.103,2.83,0.96,0.16,0.08,1e-10,2.71,4.9,4,58,77.04,7,5.2,2,,66.00000000000001
s39071,96217,B39FT,2016-09-06,116.06943,-32.61966,,5,10.04,0.03,NA,0.227,1.81,0.73,0.18,0.08,1e-10,2.26,5.1,2,62,84.91,5.05,6,2,,66.00000000000001
s39073,93534,B39FT,2016-09-08,116.05283,-32.60527,,5,13.18,0.032,NA,0.169,5.28,1.55,0.16,0.14,1e-10,3.34,4.9,4,56,78.68,8.14,6.6,2,,61.00000000000001
s39075,78366,B39FT,2016-09-08,116.0519,-32.60501,,2,12.14,0.016,NA,0.182,0.82,0.41,0.06,0.08,1e-10,1.78,4.9,2,26,81.76,6.1,6.7,2,,61.00000000000001
s39077,90325,B39FT,2016-09-08,116.0462,-32.59863,,11,14.07,0.037,NA,0.268,3.67,1.21,0.11,0.09,1e-10,2.87,4.6,2,42,77.86,8.07,5.9,2,,63.000000000000014
s39079,79067,B39FT,2016-09-08,116.04491,-32.59757,,5,12.21,0.042,NA,0.027,7.18,2.27,0.18,0.15,1e-10,3.44,5.3,3,70,73.49,14.3,8.8,2,,61.00000000000001
s39081,112041,B39FT,2016-09-08,116.03674,-32.59458,,3,11.48,0.02,NA,0.113,2.15,0.86,0.1,0.08,1e-10,2.39,5,1e-10,39,81.17,7.34,6.5,2,,39.000000000000014
s39083,76429,B39FT,2016-09-08,116.03629,-32.59432,,7,8.13,0.047,NA,0.258,6.32,2.1,0.19,0.16,1e-10,4.4,4.8,4,70,81.57,10.29,5.7,1.5,,39.000000000000014
s39085,79958,B39FT,2016-09-08,116.04454,-32.55292,,6,16.03,0.035,NA,0.349,2.55,1.12,0.17,0.08,1e-10,3.37,4.5,5,60,78.94,5.03,5.9,2,,51
s39087,79805,B39FT,2016-09-08,116.04415,-32.55298,,7,12.01,0.037,NA,0.302,5.34,1.68,0.19,0.15,1e-10,4,4.9,3,62,75.88,12.11,6,2,,51
s39089,35187,B39FT,2016-09-08,116.04864,-32.55939,,2,12.83,0.011,NA,0.078,0.64,0.37,0.05,0.04,1e-10,1.03,4.9,1e-10,20,78.26,8.92,12.8,2,,46
s39091,72955,B39FT,2016-09-08,116.04851,-32.55975,,9,13.94,0.043,NA,0.414,7.36,2.36,0.23,0.18,1e-10,4.5,4.7,5,68,76.03,10.03,6.3,2,,46
s39093,103004,B39FT,2016-09-08,116.06857,-32.57056,,8,10.12,0.037,NA,0.546,1.44,0.73,0.14,0.08,1e-10,2.09,4.2,1e-10,49,85.81,4.07,5.3,2,,46
s39095,114761,B39FT,2016-09-08,116.06907,-32.57004,,3,7.94,0.036,NA,0.121,1.58,0.66,0.12,0.11,1e-10,2.5,5.2,1e-10,45,86.07,5.99,5.1,2,,46
s39097,109749,B39FT,2016-09-08,116.08275,-32.59874,,6,10.03,0.044,NA,1.206,0.98,0.57,0.14,0.09,1e-10,2.97,4,5,49,80.91,9.07,5.7,2,,34.00000000000001
s39099,89628,B39FT,2016-09-08,116.08204,-32.59924,,7,18.07,0.05,NA,0.662,2.39,1.03,0.18,0.16,1e-10,3.41,4.5,3,56,71.83,10.1,6.2,2,,34.00000000000001
s39163,81106,B39FT,2016-09-08,116.11913,-32.56602,,4,8.04,0.043,NA,0.221,2.33,0.76,0.12,0.1,1e-10,2.05,5,1e-10,41,87.91,4.05,3.9,2,,62.000000000000014
s39165,99001,B39FT,2016-09-08,116.11904,-32.56591,,4,13.93,0.025,NA,0.135,1.08,0.51,0.13,0.06,1e-10,1.59,4.8,10,49,80.08,5.99,7.6,2,,62.000000000000014
s39191,22661,B39FT,2016-09-08,116.11904,-32.56591,,7,12.31,0.055,NA,0.255,3.94,1.17,0.17,0.12,2,3.84,4.8,1e-10,62,83.56,4.14,5.3,1,,62.000000000000014
s39193,110754,B39G7,2016-09-08,116.11904,-32.56591,,5,11.18,0.024,NA,0.313,1.12,0.44,0.08,0.05,1e-10,1.86,4.7,5,32,84.73,4.09,3.7,2,,62.000000000000014
s39195,66091,B39G7,2016-09-08,116.11904,-32.56591,,6,8.17,0.04,NA,0.393,2.5,0.87,0.09,0.1,1e-10,2.9,4.8,1e-10,32,87.71,4.11,7.5,2,,62.000000000000014
s39198,50688,BC8BY,2017-01-11,145.5151456,-37.49956015,,48,15.13944223,0.153,NA,10.043,1.85,0.64,0.54,0.09,36,5.48,3.5,28,241,23.77158035,61.08897742,25.4,2.5,Forest,96
s39202,46176,BC8BY,2017-01-12,145.5190746,-37.49995197,,39,21.66874222,0.153,NA,8.532,1.4,0.44,0.38,0.08,25,4.57,3.6,20,176,35.99003736,42.34122042,20.6,2.5,Forest,95
s39204,64393,BC8BY,2017-01-14,145.5092119,-37.53227413,,23,23.55008787,0.14,NA,7.934,5.74,2.18,0.56,0.11,25,5.93,3.8,18,219,10.19332162,66.25659051,12.6,1.5,Forest,88.00000000000001
s39206,50931,BC8BY,2017-01-16,145.5043148,-37.54004433,,68,29.74358974,0.114,NA,5.229,6.85,1.77,0.64,0.13,11,5.73,4.1,21,258,20.34188034,49.91452991,14.3,2.5,Forest,93
s39208,56010,BC8BY,2017-01-18,145.509095,-37.53019069,,60,14.63414634,0.111,NA,6.581,3.47,0.96,0.35,0.09,17,4.63,4,15,135,13.86392811,71.50192555,11,1.5,Forest,82
s39210,41198,BC8BY,2017-01-23,145.5141791,-37.55285893,,58,17.33505821,0.144,NA,9.028,2.15,0.92,0.64,0.11,64,4.75,3.8,16,283,11.51358344,71.15135834,15.7,2.5,Forest,89.00000000000001
s39212,90405,BC8BY,2017-01-24,145.8006415,-37.81316418,,125,24.20027816,0.237,NA,9.392,3.96,1.38,0.69,0.18,194,5.03,3.7,36,300,30.87621697,44.92350487,26.6,1.5,Forest,89.00000000000001
s39214,44345,BC8BY,2017-01-24,145.8707135,-37.8123968,,144,14.90196078,0.198,NA,8.422,2.82,1.23,0.41,0.15,71,5.99,3.4,30,175,57.90849673,27.18954248,28.9,1.5,Forest,89.00000000000001
s39216,60747,BC8BY,2017-01-27,145.8666141,-37.80559786,,91,11.83879093,0.14,NA,9.859,1.8,0.86,0.34,0.14,46,4.99,3.5,31,148,24.55919395,63.60201511,28.5,1.5,Forest,84.00000000000001
s39218,69659,BC8BY,2017-01-28,145.8401337,-37.79408318,,152,25.49668874,0.112,NA,7.719,3.24,1.33,0.43,0.17,67,5.61,3.7,26,199,54.30463576,20.1986755,22.6,1.5,Forest,94
s39221,51584,BC8BY,2017-01-31,145.508726,-37.53394438,,27,13.90243902,0.071,NA,7.294,1.08,0.46,0.37,0.08,15,5.89,4,15,156,9.512195122,76.58536585,12.5,2.5,Forest,88.00000000000001
s39222,43273,BC8BY,2017-02-01,145.514379,-37.54792243,,46,23.20574163,0.183,NA,7.791,5.19,2.12,0.69,0.13,38,5.24,3.8,16,295,14.35406699,62.44019139,17,2,Forest,80
s39224,30065,BC8BY,2017-02-03,145.5463455,-37.52579724,,67,31.67630058,0.139,NA,11.147,1.5,0.52,0.5,0.09,33,5.77,3.7,17,202,21.50289017,46.82080925,20.1,1.5,Forest,90.00000000000001
s39226,41891,BC8BY,2017-02-05,145.8158473,-37.64894214,,43,28.99728997,0.161,NA,6.319,2.81,0.91,0.5,0.09,78,5.34,4.1,37,212,21.6802168,49.32249322,14.5,1.5,Forest,76
s39228,35933,BC8BY,2017-02-07,145.8429488,-37.79564303,,63,27.24719101,0.128,NA,3.161,8.13,1.6,0.63,0.14,54,4.97,4.3,24,282,26.26404494,46.48876404,11.5,1.5,Forest,77
s39230,61158,BC8BY,2017-02-09,145.5494637,-37.55702006,,69,36.19402985,0.085,NA,8.934,4.42,1.91,0.58,0.17,5,5.02,3.9,26,253,21.08208955,42.7238806,16.5,1.5,Forest,82
s39232,94069,BC8BY,2017-02-11,145.7056976,-37.67985254,,76,23.51351351,0.392,NA,7.59,3.19,1.03,0.59,0.1,209,5.31,3.6,162,271,47.02702703,29.45945946,21.6,1.5,Forest,92
s39236,72962,BC8BY,2017-02-15,145.7230257,-37.79608944,,65,21.0653753,0.175,NA,8.701,2.09,0.95,0.52,0.15,90,4.56,3.8,23,239,33.77723971,45.15738499,11.4,1.5,Forest,90.00000000000001
s39238,63957,BC267,2017-02-17,145.8159656,-37.85873407,,32,35.33653846,0.166,NA,1.093,11.34,3.26,0.83,0.12,64,4.64,4.7,15,361,38.58173077,26.08173077,9.6,1.5,Forest,91.00000000000001
s39240,44172,BC8BY,2017-02-19,145.816774,-37.80885704,,86,22.42268041,0.185,NA,9.263,3.36,1.22,0.51,0.11,124,5.32,3.7,25,244,29.63917526,47.93814433,19.7,1.5,Forest,91.00000000000001
s39242,87432,BC8BY,2017-02-21,145.7794204,-37.82763681,,36,21.58808933,0.162,NA,2.809,8.19,2.03,0.8,0.14,42,5.04,4.4,14,348,29.90074442,48.51116625,9,1.5,Forest,89.00000000000001
s39244,52327,BC8BY,2017-02-23,145.8387349,-37.80072981,,62,32.55033557,0.139,NA,8.892,2.56,1.02,0.5,0.16,86,5.44,3.7,20,226,31.04026846,36.40939597,18.8,1.5,Forest,91.00000000000001
s39246,50553,BC8BY,2017-02-25,145.8343982,-37.80780704,,108,8.244274809,0.326,NA,7.412,3.51,1.52,0.68,0.12,150,4.41,3.6,37,299,49.61832061,42.13740458,18.9,1.5,Forest,91.00000000000001
s39248,66357,BC8BY,2017-02-27,145.7962246,-37.81791387,,87,14.76683938,0.193,NA,7.677,4.53,1.62,0.5,0.19,159,4.65,3.9,35,230,48.31606218,36.91709845,18.6,1.5,Forest,90.00000000000001
s39250,86691,BC267,2017-03-01,145.8128196,-37.860685169999996,,37,29.84293194,0.163,NA,1.504,12.68,3.47,0.87,0.11,72,4.66,4.6,13,367,65.44502618,4.712041885,11,1.5,Forest,87.00000000000001
s39252,54904,BC8BY,2017-03-03,145.8403943,-37.79485182,,177,24.11552347,0.236,NA,9.046,3.26,1.71,0.56,0.21,77,5.38,3.4,25,249,49.24187726,26.64259928,28.9,1.5,Forest,93
s39254,53742,BC267,2017-03-05,145.5383278,-37.45586621,,33,17.13554987,0.086,NA,0.893,8.96,2.37,0.79,0.12,4,5.21,4.8,25,367,51.40664962,31.45780051,6.8,1.5,Forest,69
s39256,83659,BC8BY,2017-03-07,145.6009178,-37.50314899,,31,17.34317343,0.067,NA,2.927,7.92,1.85,0.7,0.09,24,4.65,4.5,22,330,19.92619926,62.73062731,7.9,2,Forest,83
s39258,73266,BC8BY,2017-03-09,145.536931,-37.47300958,,36,23.96416573,0.15,NA,7.623,2.23,0.48,0.53,0.04,110,4.74,4,18,236,31.57894737,44.4568869,12.1,1.5,Forest,94
s39260,67721,BC267,2017-03-11,145.5123277,-37.52127271,,33,25.19480519,0.107,NA,7.301,3.96,1.19,0.64,0.1,70,5.2,4.2,20,272,16.75324675,58.05194805,16.6,1.5,Forest,95
s39262,47288,BC267,2017-03-14,145.6017272,-37.5046367,,33,22.44094488,0.151,NA,1.961,13.11,2.44,0.9,0.12,39,4.71,4.6,52,430,17.71653543,59.84251969,7.6,2,Forest,77
s39264,54877,BC267,2017-03-15,145.601307,-37.49987288,,22,12.00510856,0.05,NA,3.465,1.6,0.41,0.4,0.1,9,5.15,4.5,14,179,43.03959132,44.95530013,6.8,2,Forest,83
s39266,87841,BC267,2017-03-17,145.5089462,-37.53538921,,56,18.82022472,0.105,NA,7.171,6.19,2.34,0.41,0.12,80,5.64,3.9,33,217,14.88764045,66.29213483,18.7,1.5,Forest,88.00000000000001
s39268,74401,BC267,2017-03-19,145.5215361,-37.57125628,,575,20.75471698,0.378,NA,3.209,4.21,1.71,0.83,0.79,17,5.96,4.6,30,370,23.45013477,55.79514825,31.3,2.5,Forest,96
s39270,97907,BC267,2017-03-21,145.4961303,-37.48992815,,31,27.59856631,0.089,NA,6.35,1.32,0.47,0.55,0.09,25,4.91,4,13,238,25.08960573,47.31182796,8.4,2.5,Forest,58.00000000000001
s39272,71637,BC267,2017-03-23,145.5402915,-37.45954074,,30,53.44827586,0.113,NA,0.43,11.71,1.78,0.63,0.08,9,5.36,5.2,13,291,39.16256158,7.389162562,8,2,Forest,57.00000000000001
s39274,80234,BC267,2017-03-25,145.5498128,-37.54952567,,35,27.3657289,0.073,NA,6.818,1.14,0.44,0.41,0.11,13,5.56,4.1,12,178,21.35549872,51.27877238,10.9,2,Forest,80
s39276,169513,BC267,2017-03-27,145.6033388,-37.51893228,,25,25.47619048,0.098,NA,7.206,1.58,0.44,0.73,0.06,33,4.97,4,84,322,22.85714286,51.66666667,13.1,2.5,Forest,88.00000000000001
s39282,81535,BC267,2017-03-29,145.6235034,-37.57860923,,46,29.73316391,0.144,NA,4.92,6.48,2.19,0.79,0.13,68,4.82,4.2,24,349,20.58449809,49.68233799,10.5,1.5,Forest,75
s39286,108111,BC267,2017-03-31,145.8301138,-37.65141885,,31,48.9539749,0.116,NA,0.341,20.56,4.89,1.72,0.13,40,5.38,5,28,709,50,1.046025105,5.6,1.5,Forest,75
s39288,113446,BC267,2017-04-02,145.8212145,-37.64931135,,33,10.4964539,0.251,NA,1.144,18.16,2.91,1.47,0.11,125,6.24,4.8,33,599,13.75886525,75.74468085,10.5,1.5,Forest,70
s39290,59095,BC267,2017-04-04,145.8218591,-37.65084098,,30,37.35294118,0.101,NA,1.792,7.44,2.94,1.22,0.13,22,4.72,4.7,18,529,16.61764706,46.02941176,6.9,1.5,,70
s39294,64907,BC267,2017-04-06,145.679443,-37.666565,,80,24.5416079,0.167,NA,9.365,2.08,0.96,0.41,0.12,160,5.38,3.9,38,190,21.5796897,53.8787024,19.9,1.5,,83
s39296,70070,BC267,2017-04-08,145.9027612,-37.84693012,,22,20.81339713,0.128,NA,0.697,9.23,0.9,0.39,0.13,36,4.4,5,18,179,57.53588517,21.6507177,9.2,1.5,,91.00000000000001
s39300,136839,BC267,2017-04-10,145.5155976,-37.53328291,,23,21.75141243,0.144,NA,6.131,5.77,1.67,0.68,0.11,39,6.06,4.1,15,309,7.203389831,71.04519774,11.3,1.5,,85.00000000000001
s39302,82208,BC267,2017-04-12,145.6793835,-37.67951571,,156,22.06303725,0.285,NA,7.459,5.37,1.93,0.71,0.18,175,4.77,3.8,39,307,17.47851003,60.45845272,19.5,1.5,,85.00000000000001
s39304,84859,BC267,2017-04-15,145.8314737,-37.65072031,,34,23.97137746,0.093,NA,2.466,9.64,2.79,1.36,0.13,56,5.32,4.6,42,589,36.6726297,39.35599284,7.6,1.5,,75
s39306,115447,BC267,2017-04-16,145.8207509,-37.65066767,,25,11.98979592,0.177,NA,0.683,15.52,2.97,1.43,0.11,53,5.67,4.9,25,565,28.95408163,59.05612245,7.1,1.5,,70
s39308,63460,BC267,2017-04-18,145.6246911,-37.58976298,,60,28.5119667,0.084,NA,6.698,4.44,1.78,0.5,0.16,46,5.64,4.2,26,218,24.3496358,47.1383975,12.6,1.5,,86.00000000000001
s39310,96320,BC267,2017-04-20,145.6295656,-37.58706175,,33,24.25,0.107,NA,3.686,8.9,2.45,1.04,0.13,52,5.15,4.4,17,422,14,61.75,8.9,1.5,,89.00000000000001
s39314,106577,BC8BY,2017-04-22,145.903778,-37.84734516,,21,15.54524362,0.102,NA,3.503,1.21,0.47,0.39,0.07,36,4.92,4.3,16,171,57.54060325,26.91415313,7.7,1.5,,91.00000000000001
s39316,60190,BC267,2017-04-25,145.8303208,-37.65267371,,32,24.15940224,0.089,NA,3.339,7.78,2.37,1.06,0.13,44,5.25,4.5,29,448,39.9750934,35.86550436,5.5,1.5,,75
s39318,87646,BC267,2017-04-27,145.9036297,-37.84661375,,53,25.59366755,0.072,NA,5.427,1.71,0.64,0.38,0.1,21,5.74,4.1,16,157,55.5408971,18.86543536,9,1.5,,91.00000000000001
s39320,81767,BC267,2017-04-28,145.7164071,-37.69472357,,91,20.3957382,0.267,NA,9.404,5.13,1.51,0.71,0.14,233,5.35,3.9,50,296,15.52511416,64.07914764,19,1.5,,90.00000000000001
s39322,88910,BC267,2017-04-30,145.6191697,-37.57289853,,37,27.61290323,0.072,NA,4.609,7.67,2.18,0.64,0.14,22,4.27,4.3,23,318,25.41935484,46.96774194,10.4,1.5,,91.00000000000001
s39324,92729,BC267,2017-05-02,145.9031682,-37.84707812,,34,21.2195122,0.104,NA,3.985,2.21,0.58,0.34,0.06,28,4.71,4.3,13,154,52.80487805,25.97560976,8.8,1.5,,91.00000000000001
s39326,60270,BC8BY,2017-05-05,145.9055867,-37.867226,,31,17.83077797,0.096,NA,0.415,8.43,1.83,0.59,0.17,2,5.48,4.9,10,270,54.06019307,28.10902896,8.7,1.5,,84.00000000000001
s39330,114678,BC267,2017-05-08,145.7783682,-37.8280495,,65,50.25316456,0.105,NA,6.011,4.19,1.87,0.85,0.16,48,4.63,4.1,19,394,17.91139241,31.83544304,12.3,1.5,,89.00000000000001
s39333,146342,BC267,2017-02-12,145.7056976,-37.67985254,,28,29.54545455,0.178,NA,6.052,0.64,0.27,0.28,0.04,83,4.87,4,71,125,16.54040404,53.91414141,13.7,2,,92
s39338,193619,BC8BY,2017-05-14,145.9060895,-37.86782551,,5,27.75467775,0.038,NA,0.902,2.42,1.41,0.47,0.09,1e-10,1.86,4.7,2,247,49.84407484,22.4012474,4,3,,84.00000000000001
s39340,116443,BC267,2017-05-16,145.5574412,-37.52257151,,18,36.8112544,0.072,NA,4.655,1.76,0.7,0.52,0.06,29,4.31,4.2,12,209,22.86049238,40.32825322,4.9,3,,86.00000000000001
s39342,83151,BC267,2017-05-18,145.6373591,-37.44014127,,36,16.81222707,0.068,NA,2.459,2.85,0.88,0.68,0.09,7,4.26,4.6,12,287,32.20524017,50.98253275,4.4,2.5,,31.000000000000007
s39344,48007,BC8BY,2017-05-20,145.9048259,-37.866398770000004,,25,19.8630137,0.077,NA,1.548,4.03,1.3,0.5,0.12,2,4.6,4.7,5,218,60.61643836,19.52054795,6.9,2,,84.00000000000001
s39346,72976,BC267,2017-05-23,145.5178648,-37.57024586,,21,26.4604811,0.063,NA,6.546,1.55,0.41,0.53,0.09,16,5.14,4.1,17,209,26.63230241,46.90721649,10.3,2,,96
s39348,62775,BC267,2017-05-24,145.5725236,-37.5600591,,84,21.5483871,0.153,NA,8.288,1.89,0.96,0.47,0.09,148,5.45,3.7,70,208,49.16129032,29.29032258,19.8,1.5,,63.000000000000014
s39350,89657,BC267,2017-05-26,145.584558,-37.4864243,,17,39.20099875,0.07,NA,2.742,2.43,0.82,0.73,0.05,22,4.45,4.4,15,307,46.31710362,14.48189763,7,2,,74
s39352,80890,BC267,2017-05-28,145.9047119,-37.86564966,,27,13.17919075,0.063,NA,1.373,4.65,1.45,0.49,0.08,1,4.36,4.6,6,215,59.42196532,27.39884393,8.3,2,,84.00000000000001
s39354,97891,BC267,2017-05-31,145.7329369,-37.80164913,,52,24.04933196,0.189,NA,8.336,1.39,0.64,0.47,0.13,121,4.63,3.9,23,194,37.71839671,38.23227133,17,1.5,,91.00000000000001
s39356,77870,BC267,2017-06-01,145.8829373,-37.82747453,,136,25.40145985,0.278,NA,8.004,3.71,1.96,0.58,0.21,78,5.24,3.6,20,258,32.84671533,41.75182482,21.8,1.5,,89.00000000000001
s39360,69108,BC267,2017-06-05,145.5443698,-37.51566046,,64,28.39805825,0.154,NA,9.811,1.93,0.88,0.41,0.09,52,5.52,3.6,15,172,18.2038835,53.39805825,12.7,2,,89.00000000000001
s39362,104666,BC267,2017-06-07,145.8787283,-37.82478478,,52,7.317073171,0.155,NA,7.441,2.49,0.84,0.38,0.1,42,4.8,3.8,19,182,17.07317073,75.6097561,15.8,1.5,,85.00000000000001
s39364,84886,BC267,2017-06-09,145.5862072,-37.49013936,,28,22.56809339,0.125,NA,4.685,2.07,0.41,0.48,0.05,63,4.11,4.3,22,195,35.66796368,41.76394293,9.3,2,,75
s39366,61697,BC267,2017-06-11,145.6035225,-37.50907429,,25,12.2875817,0.094,NA,3.987,4.28,1.51,0.73,0.19,5,4.93,4.5,14,323,9.934640523,77.77777778,11.2,2,,85.00000000000001
s39368,49904,BC267,2017-06-13,145.6030587,-37.50664432,,26,16.66666667,0.122,NA,1.525,8.44,1.88,0.76,0.13,38,4.52,4.7,21,340,27.77777778,55.55555556,8.4,2.5,,62.000000000000014
s39370,84574,BC267,2017-06-15,145.8994652,-37.85915665,,49,23.68742369,0.101,NA,3.438,5.24,2.46,0.7,0.25,4,5.15,4.3,16,305,47.98534799,28.32722833,13.8,1.5,,78
s39372,93143,BC267,2017-06-17,145.7255046,-37.7979008,,65,17.77188329,0.158,NA,9.413,2.17,0.75,0.43,0.1,124,5.42,3.7,27,187,39.52254642,42.70557029,17.8,1.5,,87.00000000000001
s401181,57205,KCVJJ,2021-11-09,149.304275,-36.523397,,34,15.82,0.102,NA,0.04,7.46,2.07,0.33,0.1,1e-10,3.5,5.3,29,137,65.14,19.04,6,2.0,Woodland,41.99999999999999
s401191,47619,KCVJJ,2021-11-19,148.717181,-36.44835,,8,16.97,0.068,NA,0.01,12.49,2.11,0.42,0.07,1,3.59,5.9,25,228,70.23,12.81,4.5,2.0,Woodland,35.00000000000001
s401217,63568,KCVJJ,2021-11-30,149.455342,-36.223378,,14,12.65,0.066,NA,0.02,8.93,1.13,0.27,0.04,1e-10,2.82,5.4,18,144,78.86,8.5,5.4,2.0,Woodland,31.000000000000007
s401548,39748,KG28C,2021-01-27,150.73224,-34.04879,,4.7770649947,12.91,0.0547,NA,NA,NA,NA,NA,NA,2.8607446518,0.021528452,NA,NA,NA,73.09,14,NA,Sandy loam,Woodland,31.000000000000007
s401549,44907,KG28C,2021-01-27,150.73213,-34.0494,,3.5405430783,1.91,0.0849,NA,NA,NA,NA,NA,NA,3.9088783981,0.0078765014,NA,NA,NA,94.09,4,NA,Sand,Woodland,31.000000000000007
s401550,25020,KG28C,2021-01-27,150.73091,-34.0494,,4.4535959572,4.91,0.0551,NA,NA,NA,NA,NA,NA,1.9874017177,0.0072403611,NA,NA,NA,86.09,9,NA,Loamy sand,Woodland,39.000000000000014
s401551,44023,KG28C,2021-01-27,150.73294,-34.0492,,3.7979564935,8.91,0.0611,NA,NA,NA,NA,NA,NA,8.1144200787,0.0066299818,NA,NA,NA,80.09,11,NA,Loamy sand,Woodland,31.000000000000007
s401552,55421,KG28C,2021-01-27,150.86621,-33.77004,,3.795842251,11.91,0.0396,NA,NA,NA,NA,NA,NA,0.522287462,0.0062348864,NA,NA,NA,71.09,17,NA,Sandy loam,Woodland,43.99999999999999
s401553,40800,KG28C,2021-01-27,150.73021,-34.04907,,2.9218738748,7.91,0.0839,NA,NA,NA,NA,NA,NA,1.7029586404,0.0038488627,NA,NA,NA,71.09,21,NA,Sandy loam,Woodland,39.000000000000014
s401556,52854,KG28C,2021-01-29,150.88248,-33.61367,,4.139234754,18.91,0.0495,NA,NA,NA,NA,NA,NA,5.6828908356,0.003528152,NA,NA,NA,71.09,10,NA,Sandy loam,Woodland,37.000000000000014
s401557,59019,KG28C,2021-01-29,150.87872,-33.61544,,4.2940797688,4.91,0.0599,NA,NA,NA,NA,NA,NA,15.8729437629,0.0244917626,NA,NA,NA,84.09,11,NA,Loamy sand,Woodland,40.99999999999999
s401558,47324,KG28C,2021-01-29,150.87895,-33.61405,,2.5561692408,19.91,0.0482,NA,NA,NA,NA,NA,NA,6.9270547854,0.0037379879,NA,NA,NA,65.09,15,NA,Sandy loam,Woodland,40.99999999999999
s401559,48854,KG28C,2021-02-02,150.79556,-33.65126,,4.0522317866,15.31,0.0238,NA,NA,NA,NA,NA,NA,0.1218815936,0.0050441757,NA,NA,NA,65.09,19.6,NA,Sandy loam,Woodland,48
s401560,43304,KG28C,2021-01-29,150.88022,-33.61179,,2.6500619218,19.91,0.0653,NA,NA,NA,NA,NA,NA,5.2354200658,0.004748047,NA,NA,NA,69.09,11,NA,Sandy loam,Woodland,51
s401561,63756,KG28C,2021-01-29,150.88182,-33.60955,,3.4826932466,4.91,0.0511,NA,NA,NA,NA,NA,NA,4.2881543779,0.0251377201,NA,NA,NA,85.09,10,NA,Loamy sand,Woodland,37.000000000000014
s401562,41503,KG28C,2021-01-29,150.87949,-33.61308,,8.4051319832,17.91,0.0526,NA,NA,NA,NA,NA,NA,12.4853775,0.0042695015,NA,NA,NA,73.09,9,NA,Sandy loam,Woodland,51
s401563,48629,KG28C,2021-02-02,150.75069,-33.67481,,7.8420918918,14.91,0.0378,NA,NA,NA,NA,NA,NA,0.337340424,0.0070987412,NA,NA,NA,70.69,14.4,NA,Sandy loam,Woodland,40.99999999999999
s401564,70315,KG28C,2021-02-03,150.71494,-33.69629,,7.5509288703,19.91,0.0385,NA,NA,NA,NA,NA,NA,0.0234811715,0.0053698745,NA,NA,NA,62.09,18,NA,Sandy loam,Woodland,37.000000000000014
s401565,90295,KG28C,2021-02-03,150.71541,-33.69687,,17.4196054003,3.31,0.0268,NA,NA,NA,NA,NA,NA,0.2766513761,0.0070891915,NA,NA,NA,83.09,13.6,NA,Loamy sand,Woodland,37.000000000000014
s401566,61544,KG28C,2021-02-03,150.72525,-33.69566,,2.6034125602,35.91,0.0313,NA,NA,NA,NA,NA,NA,0.0057643169,0.00543081,NA,NA,NA,23.09,41,NA,Clay loam,Woodland,34.00000000000001
s401567,62993,KG28C,2021-02-03,150.72144,-33.69329,,2.7904524709,19.91,0.046,NA,NA,NA,NA,NA,NA,0.1450156402,0.0061961228,NA,NA,NA,45.09,35,NA,Loam,Woodland,35.00000000000001
s401568,73288,KG28C,2021-02-02,150.75291000000001,-33.67646,,3.4041553405,13.91,0.0216,NA,NA,NA,NA,NA,NA,0.151639208,0.0061621538,NA,NA,NA,60.09,26,NA,Sandy loam,Woodland,40.99999999999999
s401569,74994,KG28C,2021-02-04,151.1588,-33.73661,,56.7252570677,12.91,0.1106,NA,NA,NA,NA,NA,NA,34.8978217338,0.0525580013,NA,NA,NA,65.09,22,NA,Sandy loam,Woodland,69
s401570,70576,KG28C,2021-02-04,151.15686,-33.73623,,76.194498125,25.91,0.0953,NA,NA,NA,NA,NA,NA,49.7298716229,0.1357276024,NA,NA,NA,47.09,27,NA,Sandy clay loam,Woodland,69
s401571,52918,KG28C,2021-02-05,151.06242,-33.75353,,3.8389272031,4.91,0.0737,NA,NA,NA,NA,NA,NA,1.589006498,0.0099840231,NA,NA,NA,88.09,7,NA,Sand,Woodland,55.00000000000001
s401572,59178,KG28C,2021-02-03,150.74571,-33.6547,,3.6062452421,5.91,0.02,NA,NA,NA,NA,NA,NA,0.9445829622,0.0025800368,NA,NA,NA,87.09,7,NA,Loamy sand,Woodland,52
s401573,76567,KG28C,2021-02-04,151.15628,-33.7359,,65.6879423868,16.91,0.0975,NA,NA,NA,NA,NA,NA,15.3978875171,0.0313002743,NA,NA,NA,47.09,36,NA,Loam,Woodland,58.00000000000001
s401574,45329,KG28C,2021-02-04,151.155,-33.7375,,2.2974300094,7.31,0.1171,NA,NA,NA,NA,NA,NA,10.1875380271,0.0088456871,NA,NA,NA,82.09,10.6,NA,Loamy sand,Woodland,69
s401575,99191,KG28C,2021-02-03,150.74469,-33.65388,,3.3812713669,18.91,0.0288,NA,NA,NA,NA,NA,NA,1.776187648,0.022812664,NA,NA,NA,64.09,17,NA,Sandy loam,Woodland,50
s401576,53302,KG28C,2021-02-02,150.80072,-33.65294,,1.9896214036,17.31,0.0227,NA,NA,NA,NA,NA,NA,0.33042,0.0035843704,NA,NA,NA,63.09,19.6,NA,Sandy loam,Woodland,47
s401577,75117,KG28C,2021-02-02,150.79839,-33.65123,,6.5704688797,13.51,0.0328,NA,NA,NA,NA,NA,NA,0.6441636157,0.0178236057,NA,NA,NA,71.09,15.4,NA,Sandy loam,Woodland,53
s401578,54989,KG28C,2021-02-03,150.74464,-33.65332,,0.8547158553,22.91,0.0327,NA,NA,NA,NA,NA,NA,2.5181951005,0.0028408471,NA,NA,NA,62.09,15,NA,Sandy clay loam,Woodland,50
s401579,52242,KG28C,2021-02-03,150.74562,-33.65373,,3.1644853241,20.91,0.0338,NA,NA,NA,NA,NA,NA,1.9870989035,0.0216519097,NA,NA,NA,63.09,16,NA,Sandy clay loam,Woodland,52
s401580,67618,KG28C,2021-02-05,151.05623,-33.7498,,2.471539017,17.91,0.0842,NA,NA,NA,NA,NA,NA,6.4016396925,0.0281928338,NA,NA,NA,72.09,10,NA,Sandy loam,Woodland,54
s401581,76212,KG28C,2021-02-05,151.10703,-33.73052,,4.5756773807,7.71,0.1005,NA,NA,NA,NA,NA,NA,7.173934806,0.0325192562,NA,NA,NA,84.09,8.2,NA,Loamy sand,Woodland,58.00000000000001
s401582,76095,KG28C,2021-02-05,151.10237,-33.73046,,3.487694344,11.31,0.1058,NA,NA,NA,NA,NA,NA,7.6788497546,0.029394909,NA,NA,NA,70.69,18,NA,Sandy loam,Woodland,56.00000000000001
s401583,77936,KG28C,2021-02-05,151.14209,-33.7347,,2.2343732743,21.11,0.1515,NA,NA,NA,NA,NA,NA,11.2779028133,0.0069042562,NA,NA,NA,58.69,20.2,NA,Sandy clay loam,Woodland,52
s401584,72567,KG28C,2021-02-01,151.04044,-33.74775,,3.0828439639,0.91,0.0586,NA,NA,NA,NA,NA,NA,5.1213708814,0.0214208175,NA,NA,NA,95.09,4,NA,Sand,Woodland,65.00000000000001
s401585,79356,KG28C,2021-02-01,151.03778,-33.74152,,5.7931983987,5.31,0.0782,NA,NA,NA,NA,NA,NA,1.1342177653,0.0073706139,NA,NA,NA,77.09,17.6,NA,Loamy sand,Woodland,70
s401586,52076,KG28C,2021-01-28,150.66628,-33.80072,,3.8541104544,1.91,0.0507,NA,NA,NA,NA,NA,NA,2.9345272235,0.0050236808,NA,NA,NA,91.09,7,NA,Sand,Woodland,53
s401589,70817,KG28C,2021-01-28,150.67021,-33.79639,,17.8537333333,13.31,0.0384,NA,NA,NA,NA,NA,NA,1.5615644444,0.0239299556,NA,NA,NA,78.69,8,NA,Sandy loam,Woodland,31.000000000000007
s401590,62220,KG28C,2021-01-28,150.67038,-33.8003,,2.6707265607,13.31,0.0482,NA,NA,NA,NA,NA,NA,4.680355784,0.0043339715,NA,NA,NA,62.09,24.6,NA,Sandy loam,Woodland,55.00000000000001
s401591,108073,KG28C,2021-02-01,151.03645,-33.74079,,3.9387985506,2.91,0.0703,NA,NA,NA,NA,NA,NA,3.7453186648,0.0077921553,NA,NA,NA,93.09,4,NA,Sand,Woodland,43.99999999999999
s401592,81259,KG28C,2021-02-01,151.03748,-33.74123,,15.2579320988,20.91,0.0742,NA,NA,NA,NA,NA,NA,4.463600823,0.0059725309,NA,NA,NA,71.09,8,NA,Sandy clay loam,Woodland,70
s401593,83638,KG28C,2021-02-01,151.03748,-33.74244,,25.736564016,14.91,0.0861,NA,NA,NA,NA,NA,NA,6.8838578359,0.0078093651,NA,NA,NA,72.89,12.2,NA,Sandy loam,Woodland,70
s401594,70758,KG28C,2021-02-01,151.06241,-33.74088,,5.7732796267,18.91,0.0725,NA,NA,NA,NA,NA,NA,0.1499351366,0.0300957886,NA,NA,NA,65.09,16,NA,Sandy loam,Woodland,52
s401595,84170,KG28C,2021-02-05,151.13336,-33.73914,,8.4035906714,2.91,0.0625,NA,NA,NA,NA,NA,NA,3.1785016026,0.0366387694,NA,NA,NA,87.09,10,NA,Sand,Woodland,61.00000000000001
s401596,89269,KG28C,2021-11-22,150.62592,-33.5947,,2,NA,0.018,NA,1.31,0.16,0.24,0.09,0.06,1e-10,1.32,4.6,1e-10,46,NA,NA,2.4,1.5,Woodland,72
s401598,82236,KG28C,2021-11-22,150.56583,-33.5267,,3,NA,0.022,NA,1.75,0.23,0.25,0.12,0.06,1e-10,1.46,4.5,1e-10,71,NA,NA,3.3,2.0,Woodland,55.00000000000001
s401600,90640,KG28C,2021-11-22,150.36462,-33.5788,,6,NA,0.02,NA,0.95,0.15,0.12,0.08,0.03,1e-10,1.1,4.5,1e-10,38,NA,NA,4.8,1.5,Woodland,52
s401602,66758,KG28C,2021-11-23,150.02722,-33.2204,,9,NA,0.031,NA,1.51,3.42,1.11,0.44,0.06,1e-10,3.44,4.5,7,213,NA,NA,3.3,2.5,Woodland,50
s401604,87307,KG28C,2021-11-23,150.13972,-33.3294,,7,NA,0.022,NA,2.66,0.59,0.29,0.17,0.04,1e-10,2.29,4.3,3,67,NA,NA,4.4,2.0,Woodland,65.00000000000001
s401606,72025,KG28C,2021-11-23,150.25119,-33.311,,4,NA,0.017,NA,2.81,0.26,0.2,0.12,0.06,1e-10,2.69,4.2,4,58,NA,NA,3.3,1.5,Woodland,49
s401608,44448,KG28C,2021-11-23,150.31919,-33.6479,,2,NA,0.02,NA,1.49,0.13,0.15,0.09,0.07,1e-10,1.62,4.4,2,37,NA,NA,5.2,2.0,Woodland,64.00000000000001
s401610,49281,KG28C,2021-11-24,150.45642,-33.705,,12,NA,0.026,NA,1.77,0.19,0.16,0.08,0.03,1e-10,1.32,4.2,3,43,NA,NA,3.1,1.0,Woodland,65.00000000000001
s401612,85716,KG28C,2021-11-30,150.6561,-34.5669,,15,NA,0.081,NA,2.43,4.62,1.82,0.25,0.11,17,3.09,4.2,10,106,NA,NA,8.7,2.0,Forest,94
s401614,69307,KG28C,2021-11-30,150.84319,-34.402,,5,NA,0.124,NA,0.08,6.34,4.58,0.31,0.18,33,2.74,4.9,24,188,NA,NA,11.2,2.5,Forest,78
s401616,61224,KG28C,2021-11-30,150.84216,-34.4029,,9,NA,0.15,NA,0.05,10.2,2.97,0.57,0.11,50,3.86,5.1,37,297,NA,NA,14.1,2.5,Forest,78
s401618,67865,KG28C,2021-11-30,150.84111,-34.4036,,9,NA,0.189,NA,0.06,12.78,4.56,0.81,0.14,61,4.05,5.2,45,355,NA,NA,11.8,2.0,Forest,89.00000000000001
s401620,70205,KG28C,2021-11-30,151.03063,-34.1485,,8,NA,0.08,NA,1.08,7.68,3.56,0.58,0.22,24,5.22,4.7,15,251,NA,NA,5.2,2.0,Woodland,80
s401622,64956,KG28C,2021-11-30,151.03944,-33.7464,,19,NA,0.057,NA,0.85,3.19,2.18,0.23,0.11,2,3.18,4.6,2,122,NA,NA,6.7,1.5,Woodland,65.00000000000001
s401624,102091,KG28C,2021-11-30,151.28383,-33.5857,,1,NA,0.026,NA,0.72,0.49,0.35,0.09,0.06,1e-10,1.14,4.6,2,44,NA,NA,3.9,1.0,Woodland,30.000000000000004
s401626,78593,KG28C,2021-11-30,151.3333,-33.3731,,2,NA,0.033,NA,1.65,0.26,0.23,0.06,0.06,1e-10,1.12,4.1,1e-10,44,NA,NA,3.1,1.0,Woodland,58.00000000000001
s401628,123961,KG28C,2021-11-30,151.2917,-33.2644,,1,NA,0.022,NA,1.35,0.12,0.09,0.04,0.03,1e-10,0.87,4.3,3,22,NA,NA,2.3,1.0,Woodland,58.00000000000001
s401630,97219,KG28C,2021-12-07,152.3272,-32.5136,,2,NA,0.026,NA,0.28,0.28,0.29,0.02,0.05,1e-10,0.6,3.7,1e-10,16,NA,NA,2.1,1.0,Woodland,67
s401632,78023,KG28C,2021-12-07,151.68166,-32.1227,,16,NA,0.172,NA,3.94,2.84,1.44,0.66,0.09,60,4.97,4.6,27,309,NA,NA,11,2.5,Forest,87.00000000000001
s401634,67868,KG28C,2021-12-08,151.8161,-31.9817,,13,NA,0.108,NA,0.16,16,6.92,0.82,0.28,33,4.36,5,20,390,NA,NA,8.6,2.5,Woodland,84.00000000000001
s401636,75333,KG28C,2021-12-08,152.9878,-30.8367,,1e-10,NA,0.015,NA,0.31,2.65,0.32,0.02,0.05,1,1.34,4.4,2,16,NA,NA,1.5,1.0,Woodland,61.00000000000001
s401638,57985,KG28C,2021-12-08,152.989,-30.8315,,4,NA,0.058,NA,0.58,1.33,1.3,0.09,0.1,1e-10,2.69,3.3,1e-10,50,NA,NA,3.4,1.0,Woodland,64.00000000000001
s401640,39619,KG28C,2021-12-08,153.0019,-30.6341,,3,NA,0.05,NA,1.24,2.35,2.49,0.26,0.18,1e-10,2.82,4.5,1e-10,162,NA,NA,4.4,2.5,Woodland,71
s401642,73379,KG28C,2021-12-09,152.9722,-30.3214,,13,NA,0.058,NA,6.96,0.84,1.26,0.24,0.19,1e-10,4.52,4,9,122,NA,NA,6.4,2.5,Forest,92
s401644,104779,KG28C,2021-12-09,152.79508,-30.361,,31,NA,0.1,NA,7.7,1.1,0.82,0.28,0.18,9,4.72,3.8,13,122,NA,NA,13.9,2.5,Forest,87.00000000000001
s401646,7355,KG28C,2021-12-09,152.79378,-30.362,,31,NA,0.104,NA,8.62,0.69,0.78,0.42,0.19,6,4.99,3.7,11,213,NA,NA,15,2.5,Forest,87.00000000000001
s401648,51591,KG28C,2021-12-09,152.73001,-30.3665,,22,NA,0.342,NA,8,10,3.48,0.86,0.13,127,6.48,4.2,400,339,NA,NA,15.7,2.5,Forest,85.00000000000001
s401650,68684,KG28C,2021-12-09,152.73093,-30.3655,,12,NA,0.028,NA,0.06,31.74,7.54,1.78,0.14,71,5.69,5.3,239,674,NA,NA,7.5,2.5,Forest,85.00000000000001
s401652,66968,KG28C,2021-12-10,150.78452,-31.9004,,5,NA,0.069,NA,0.02,17.65,6.32,1.22,0.12,13,3.59,5.7,119,583,NA,NA,5.3,2.5,Woodland,50
s401654,68240,KG28C,2021-12-10,150.26694,-32.45,,2,NA,0.062,NA,1.92,1,1.18,0.5,0.1,1,3.06,3.8,3,309,NA,NA,6.2,1.0,Woodland,54
s401656,69128,KG28C,2021-12-10,150.26933,-32.3984,,5,NA,0.092,NA,0.7,5.41,1.86,0.59,0.03,35,3.46,4.4,8,301,NA,NA,4.8,1.5,Woodland,40.000000000000014
s401658,49845,KG28C,2021-12-10,150.27246,-32.4029,,4,NA,0.06,NA,0.05,9.3,2.4,0.57,0.03,17,2.51,5,6,293,NA,NA,3.2,1.5,Woodland,42.99999999999999
s401660,75174,KG28C,2022-01-24,150.22814,-33.0839,,3,28.52,0.064,NA,0.04,9.02,3.46,0.56,0.08,11,2.26,5.1,4,360,59.81,11.66,3.7,2.0,Woodland,38.000000000000014
s42144,96662,BC8BY,2017-02-26,143.32144,-12.77389,,5,21.31,0.031,94,0.734,0.71,0.71,0.28,0.07,1e-10,2.71,4.6,4,116,68.52,10.17,10.8,2,Shrubland,85.00000000000001
s42146,72526,BC8BY,2017-02-26,143.31883,-12.77841,,7,13.16,0.022,58,0.094,2.83,1.55,0.29,0.08,1e-10,2.06,5.1,4,125,78.71,8.13,5.3,3,Woodland,87.00000000000001
s42147,150743,BC8BY,2017-02-26,143.31894,-12.77841,,6,14.1,0.029,58,0.09,5.69,2.75,0.44,0.08,1e-10,2.67,5.5,5,193,75.8,10.11,6,3,Woodland,75
s42150,80110,BC8BY,2017-02-26,143.31441,-12.78234,,6,16.57,0.04,60,0.558,3.44,0.73,0.23,0.09,7,2.66,4.5,3,108,75.12,8.31,7.1,2.5,Forest,76
s42151,60546,BC8BY,2017-02-26,143.31419,-12.78239,,6,11.19,0.038,60,0.547,2.03,0.53,0.15,0.05,7,2.13,4.4,3,72,80.63,8.18,5.7,2,Forest,76
s42154,61922,BC8BY,2017-02-24,143.31107,-12.78149,,8,18.33,0.044,40,0.087,6.04,1.99,0.26,0.09,14,2.65,5.2,3,111,68.4,13.27,5.6,3.5,Forest,75
s42155,189113,BC8BY,2017-02-24,143.3111,-12.78172,,8,19.41,0.032,40,0.188,3.38,1.54,0.19,0.08,7,2.33,4.8,4,80,73.42,7.17,6.8,3.5,Forest,75
s42158,126730,BC8BY,2017-02-26,143.31297,-12.7805,,5,19.98,0.063,53,0.115,5.34,2.13,0.49,0.09,19,2.68,5,5,216,63,17.02,8.4,3.5,Forest,88.00000000000001
s42159,92166,BC8BY,2017-02-26,143.31325,-12.7805,,6,18.76,0.099,53,0.091,7.5,2.69,0.49,0.16,19,3.66,5.1,6,216,59.45,21.78,12.3,3.5,Forest,88.00000000000001
s42162,57211,BC8BY,2017-02-27,143.31433,-12.7805,,3,17.43,0.038,54,0.094,3.39,2.22,0.31,0.09,12,2.5,4.8,5,170,73.31,9.26,7.5,3.5,Forest,87.00000000000001
s42163,121163,BC8BY,2017-02-27,143.31445,-12.78028,,6,17.46,0.078,54,0.058,7.38,3.05,0.42,0.09,18,3.13,5.3,9,193,73.78,8.76,8.2,3.5,Forest,87.00000000000001
s42166,80838,BC8BY,2017-02-27,143.32346,-12.7748,,6,12.68,0.109,74,0.051,13.75,5.61,0.51,0.12,28,4.35,5.8,10,208,65.78,21.54,13.4,3.5,Forest,85.00000000000001
s42167,121082,BC8BY,2017-02-27,143.32362,-12.77473,,5,14.44,0.099,74,0.058,15.45,6.46,0.35,0.12,30,4.89,5.9,11,155,66.23,19.32,12.1,3,Forest,85.00000000000001
s42170,60240,BC8BY,2017-02-27,143.32452,-12.77382,,4,12.55,0.146,94,0.051,15.16,9.07,0.45,0.47,39,4.65,5.4,17,220,63.21,24.24,19.1,3.5,Forest,85.00000000000001
s42171,70322,BC8BY,2017-02-27,143.32468,-12.77392,,4,9.49,0.144,94,0.042,17.45,9.13,0.43,0.28,39,4.35,5.5,16,220,66.66,23.85,21.4,3.5,Forest,85.00000000000001
s42174,50869,BC8BY,2017-02-27,143.31889,-12.7772,,2,20.39,0.08,57,0.09,7.02,2.78,0.19,0.17,14,2.79,5.4,8,120,69.39,10.22,12.3,3.5,Forest,75
s42175,94878,BC8BY,2017-02-27,143.31891,-12.7769,,3,16.4,0.067,57,0.092,5.02,2.12,0.2,0.11,14,2.56,5.2,9,116,77.43,6.17,9.2,3.5,Forest,75
s42178,67336,BC8BY,2017-02-28,143.31866,-12.77179,,6,14.11,0.107,66,0.048,11.08,3.57,0.47,0.1,20,3.77,5.8,10,200,70.73,15.17,13,3.5,Forest,88.00000000000001
s42179,199765,BC8BY,2017-02-28,143.31859,-12.77157,,6,8.7,0.092,66,0.028,12.93,3.96,0.52,0.1,21,4.3,5.9,8,221,68.94,22.36,11.6,3.5,Forest,88.00000000000001
s42182,127863,BC8BY,2017-02-26,143.31508,-12.77913,,7,9.45,0.107,74,0.055,6.67,2.77,0.66,0.11,21,3.46,5.3,11,289,71.54,19,12.4,3.5,Forest,87.00000000000001
s42183,94918,BC8BY,2017-02-26,143.31532,-12.77903,,6,10.3,0.15,74,0.029,11.23,5.68,1,0.12,33,4.44,5.8,14,393,71.82,17.88,14.5,3.5,Forest,87.00000000000001
s42238,37058,BJTVT,2017-08-23,115.80861,-32.31638,No recent fire,4,1.94,0.024,100,0.06,1.98,0.41,0.04,0.06,1e-10,0.95,4.3,3,17,97.06,1,2.2,1,Woodland,37.000000000000014
s42240,132017,BJTVT,2017-08-23,115.86944,-32.20472,No recent fire,5,1.94,0.02,100,0.096,1.03,0.19,0.03,0.08,1e-10,0.79,4.3,2,18,97.07,0.99,2.7,1,Woodland,36.00000000000001
s42244,43301,BJTVT,2017-08-23,115.83638,-32.08166,No recent fire,3,1.99,0.028,100,0.06,3.87,0.85,0.07,0.07,1,1.45,4.8,2,32,95.97,2.04,2.5,1,Woodland,44.99999999999999
s42246,34875,BJTVT,2017-08-23,115.81722,-31.84166,No recent fire,5,3.95,0.02,100,0.149,1.53,0.42,0.05,0.05,1,0.8,4.6,3,28,95.05,1,2.4,1,Woodland,37.000000000000014
s42248,50633,BJTVT,2017-08-23,115.76166,-31.85916,No recent fire,4,2.97,0.026,100,0.071,2.15,0.64,0.07,0.07,1,1.05,4.8,3,36,96.02,1.01,2.3,1,Woodland,33.00000000000001
s42258,45106,BJTVT,2017-08-24,115.94277,-31.39388,No recent fire,4,3.94,0.021,100,0.111,1.94,0.4,0.06,0.05,1,1.78,4.4,3,22,95.07,1,2.2,1,Woodland,30.000000000000004
s42262,56134,BJTVT,2017-08-24,115.63777,-31.39277,No recent fire,3,2.93,0.014,100,0.072,1.1,0.22,0.03,0.04,1e-10,0.67,4.7,1e-10,16,97.07,1e-10,1.3,1,Woodland,34.00000000000001
s42264,28177,BJTVT,2017-08-24,115.69055,-31.55138,No recent fire,5,6.06,0.034,100,0.044,3.87,0.96,0.09,0.08,1e-10,1.44,5.1,3,28,93.94,1e-10,2.2,1,Woodland,30.000000000000004
s42268,29258,BJTVT,2017-08-24,115.77972,-31.79416,No recent fire,5,4.97,0.038,100,0.063,3.05,0.56,0.06,0.06,1,1.5,5.1,1e-10,24,94.02,1,2.7,1,Woodland,39.000000000000014
s42282,37784,BJTVT,2017-08-30,115.43944,-31.18916,No recent fire,6,4.95,0.031,50,0.108,2.15,0.46,0.05,0.07,2,1.28,4.7,3,28,95.05,1e-10,3.1,1,Woodland,35.00000000000001
s42284,31734,BJTVT,2017-09-06,115.82916,-31.965,No recent fire,3,3.89,0.016,100,0.109,2.72,0.5,0.04,0.05,2,1.24,4.2,3,15,96.11,1e-10,1.8,1,Woodland,46
s42286,59957,BJTVT,2017-09-06,115.77388,-31.94138,No recent fire,2,4.02,0.056,100,0.019,5.4,0.67,0.03,0.05,3,1.33,5.7,4,1e-10,94.97,1.02,2.6,1,Woodland,38.000000000000014
s42288,39432,BJTVT,2017-09-06,116.60777,-32.02,No recent fire,5,2.89,0.018,200,0.086,1.03,0.18,0.03,0.06,1e-10,0.9,3.9,2,1e-10,96.13,0.98,1.4,1,Woodland,30.000000000000004
s42292,63778,BJTVT,2017-08-23,115.77916,-32.54222,No recent fire,5,3.04,0.037,50,0.041,4.23,0.89,0.07,0.13,1e-10,1.89,4.6,3,34,96.96,1e-10,2.9,1,Woodland,36.00000000000001
s42426,51647,BY8DT,2008-01-15,115.1836,-34.1618,,NA,7.59,26.65,13.2,NA,NA,NA,NA,NA,NA,8.9736,4.885,NA,NA,67.62,24.79,NA,NA,,43.99999999999999
s42430,87807,BY8DT,2008-06-11,152.4116,-31.8929,,NA,18.11,375,37,NA,NA,NA,NA,NA,NA,11.6347,5.16,NA,NA,28.96,52.93,NA,NA,,70
s42431,129592,BY8DT,2008-04-01,149.1487,-37.5593,,NA,16.33,164.8,98,NA,NA,NA,NA,NA,NA,13.5519,4.75,NA,NA,22.44,61.23,NA,NA,,39.000000000000014
s42447,107314,BY8DT,2008-02-07,147.1706,-41.4379,,NA,17.48,102.95,2.5,NA,NA,NA,NA,NA,NA,16.3082,5.385,NA,NA,30.91,51.61,NA,NA,,31.000000000000007
s42451,114063,BY8DT,2008-08-11,142.2837,-11.1039,,NA,5.32,12.44,88,NA,NA,NA,NA,NA,NA,3.7934,4.89,NA,NA,81.13,13.55,NA,NA,,49
s42453,130544,BY8DT,2007-10-01,145.2105,-37.7359,,NA,7.15,76.35,57,NA,NA,NA,NA,NA,NA,10.7672,4.195,NA,NA,72.62,20.23,NA,NA,,40.000000000000014
s42462,81363,BY8DT,2008-02-06,152.4871,-29.3879,,NA,9.66,37.7,106,NA,NA,NA,NA,NA,NA,8.3368,5.41,NA,NA,65.44,24.9,NA,NA,,34.00000000000001
s42472,122584,BY8DT,2008-02-07,147.1706,-41.4379,,NA,17.48,102.95,2.5,NA,NA,NA,NA,NA,NA,16.3082,5.385,NA,NA,30.91,51.61,NA,NA,,31.000000000000007
s42561,78465,C5M89,2017-05-30,135.9629,-15.6213,,NA,NA,12.28,NA,NA,NA,NA,NA,NA,NA,NA,6.57,NA,NA,NA,NA,NA,NA,,32.00000000000001
s62120,50228,BY245,2017-12-13,144.929637,-38.474406,,14,6.05,0.096,81,0.044,3.46,2.42,0.22,0.21,2,1.69,5.1,10,114,91.92,2.03,10,1,,50
s62122,51608,BY245,2017-12-13,144.933751,-38.474784,,21,11.29,0.079,32,0.242,3.41,2.68,0.22,0.19,1,2.26,4.4,13,107,82.52,6.19,12.7,1.5,,33.00000000000001
s62124,138296,BY245,2017-12-13,144.914459,-38.485464,,21,4.87,2.129,51,0.058,29.02,1.22,0.28,0.34,6,2.38,7.2,33,141,70.56,24.58,185.3,2,,33.00000000000001
s62128,28691,BY245,2017-12-11,144.323495,-37.673298,,34,15.35,0.292,267,1.048,4.1,2.1,0.54,0.35,2,2.44,3.8,27,274,69.26,15.4,47.9,2,,35.00000000000001
s62134,61393,BY245,2017-12-08,144.345655,-37.577073,,7,23.49,0.08,501,2.233,0.51,0.95,0.2,0.26,1,1.83,4,8,129,47.85,28.66,12.1,3,,33.00000000000001
s62136,38013,BY245,2017-12-08,144.344677,-37.578297,,11,14.95,0.127,488,0.111,3.81,2.97,0.1,0.46,1,2.66,4.7,15,76,70.05,15,14.9,2.5,,33.00000000000001
s62138,39159,BY245,2017-12-08,144.344627,-37.578474,,24,24.25,0.12,490,0.316,6.5,1.31,0.19,0.24,1,3.54,4.7,43,101,41.32,34.43,31.3,2.5,,33.00000000000001
s62150,34647,BY245,2017-11-22,145.649607,-37.801772,,51,29.29,0.185,120.5,3.685,3.71,1.47,0.4,0.11,10,3.9,3.7,25,207,45.51,25.2,39.8,2,,57.00000000000001
s62152,31430,BY245,2017-11-22,145.649331,-37.801552,,41,33.17,0.133,120.5,4.215,3.4,1.24,0.31,0.12,10,4.72,3.5,18,157,46.87,19.97,35.6,2,,57.00000000000001
s62154,29162,BY245,2017-11-22,145.649357,-37.801445,,63,25.28,0.259,120.5,3.164,4.67,1.74,0.35,0.14,12,4.49,3.4,29,169,51.45,23.27,69.5,2,,57.00000000000001
s62156,30150,BY245,2017-11-14,145.649147,-37.801373,,37,26.87,0.127,120.5,1.973,5.82,1.65,0.27,0.15,7,4.46,3.9,30,125,58.61,14.52,17.5,1.5,,57.00000000000001
s62158,28028,BY245,2017-11-13,145.648944,-37.801194,,49,22.67,0.208,120.5,2.216,5.58,1.83,0.41,0.21,8,3.94,3.8,44,208,62.84,14.49,77.3,1.5,,57.00000000000001
s62160,27150,BY245,2017-11-22,145.648936,-37.8012,,36,29.21,0.143,120.5,3.615,4.59,1.47,0.21,0.11,10,4.75,3.7,34,100,56.12,14.66,45.8,1.5,,57.00000000000001
s62162,49121,BY245,2017-11-14,145.648828,-37.800879,,44,30.87,0.115,120.5,0.554,8.87,1.39,0.26,0.08,8,4.51,4.5,99,111,56.74,12.39,21.4,2.5,,57.00000000000001
s62164,25097,BY245,2017-11-14,145.648857,-37.801186,,53,31.03,0.223,120.5,1.207,7.56,1.22,0.44,0.12,16,4.77,4.3,75,224,46.13,22.83,52,2.5,,57.00000000000001
s62166,27103,BY245,2017-11-13,145.648791,-37.801394,,32,30.9,0.17,120.5,0.689,9.6,1.76,0.32,0.08,10,4.19,4.5,96,165,52.56,16.54,26.2,2.5,,57.00000000000001
s62168,27061,BY245,2017-12-07,145.836581,-37.690526,,18,20.44,0.09,225,2.354,2.43,0.74,0.17,0.05,3,3.22,3.8,24,103,65.18,14.38,21.9,2.5,,73
s62170,22261,BY245,2017-11-15,145.837033,-37.690414,,31,22.8,0.155,215,1.886,2.78,1.21,0.13,0.1,1,3.5,3.9,29,120,64.71,12.49,35.2,1.5,,54
s62172,22965,BY245,2017-11-23,145.837101,-37.690387,,33,28.81,0.097,215,2.935,2.38,0.6,0.11,0.07,2,4.25,4.1,28,106,46.41,24.78,29.8,2,,54
s62174,29260,BY245,2017-11-15,145.836941,-37.690535,,45,30.97,0.201,215,2.64,4.29,0.74,0.08,0.05,1,4.6,3.9,39,80,48.32,20.71,71.4,2.5,,54
s62176,31612,BY245,2018-04-19,145.369391,-38.055921,,30,20.63,0.108,46,0.653,3.49,1.39,0.25,0.16,12,3.65,4.3,25,113,46.19,33.18,27.6,2.5,,51
s7083,109591,A64JH,2011-11-26,116.4136333,-32.82003333,,8,7.21,0.056,329,0.313,9.93,2.32,0.34,0.28,2,4.96,5,6,133,86.57,6.22,17,3,Woodland,42.99999999999999
s7085,179289,A64JH,2011-11-30,116.4591,-32.58886667,,4,7.12,0.075,390,0.548,2.36,0.56,0.11,0.08,1,2.85,4.4,2,44,89.8,3.07,23.8,1.5,Woodland,36.00000000000001
s7827,26561,A79NR,2012-07-25,150.7568768,-35.12809248,,4,6.19,0.024,35.7,0.114,0.84,0.55,0.04,0.05,1e-10,0.98,3.8,1e-10,38,93.81,1e-10,1.7,1.5,Forest,78
s7829,24786,A79NR,2012-07-30,150.7536825,-35.15368962,,7,5.76,0.03,62.4,0.158,0.77,0.49,0.09,0.09,15,0.98,3.6,1e-10,36,94.24,1e-10,2.9,1.5,Woodland,63.000000000000014
s7831,23121,A79NR,2012-07-30,150.7352711,-35.15304021,,6,3.88,0.023,96,0.162,0.86,0.35,0.08,0.05,18,0.83,3.9,1e-10,33,96.12,1e-10,1.8,1.5,Forest,84.00000000000001
s7833,26927,A79NR,2012-08-06,150.7075604,-35.13802306,,5,7.86,0.039,35,1.101,0.12,0.23,0.09,0.1,8,1.51,3.6,1e-10,40,90.15,1.99,4.8,1.5,Woodland,56.00000000000001
s7835,25338,A79NR,2012-08-07,150.6945319,-35.19835466,,3,5.73,0.029,24,0.058,1.09,0.84,0.11,0.17,1e-10,0.92,4.7,1e-10,47,92.33,1.94,2,1.5,Shrubland,37.000000000000014
s7837,23617,A79NR,2012-08-14,150.7250605,-35.16259382,,4,3.81,0.035,132,0.114,1.01,0.49,0.05,0.08,1e-10,1.23,3.9,1e-10,21,92.29,3.9,2.7,1.5,Forest,86.00000000000001
s7839,22931,A79NR,2012-08-17,150.6583748,-35.12804944,,6,8.14,0.046,5,0.636,3.73,1.53,0.18,0.13,3,2.55,3.9,7,89,91.86,1e-10,3.5,1.5,Forest,86.00000000000001
s7841,26230,A79NR,2012-09-18,150.68313,-35.13925298,,4,7.9,0.044,65,0.998,0.28,0.26,0.09,0.11,1e-10,1.74,3.8,1e-10,49,92.1,1e-10,3.9,1.5,Shrubland,32.00000000000001
s7843,21753,A79NR,2012-09-24,150.6486994,-35.15122799,,2,2.88,0.017,22,0.143,0.88,0.21,0.07,0.05,1e-10,0.47,4.1,1e-10,45,97.12,1e-10,1.8,1.5,Forest,74
s7845,26653,A79NR,2012-10-03,150.6369569,-35.15913962,,4,7.91,0.049,10,0.033,4.4,1.05,0.11,0.16,1e-10,0.41,4.7,4,60,92.09,1e-10,3,1.5,Forest,77
s7847,16733,A79NR,2012-10-06,150.6135971,-35.15730226,,3,3.73,0.018,27,0.139,1.39,0.47,0.08,0.09,1e-10,0.98,4,1e-10,34,92.44,3.83,1.5,1.5,Forest,74
s7851,16148,A79NR,2012-10-25,150.686346,-35.14969942,,7,48.62,0.202,64,0.585,0.86,2.1,0.13,1.02,5,0.59,4.2,163,52,30.93,20.44,129,3,Shrubland,55.00000000000001
s7853,33410,A90G8,2012-10-25,150.6731254,-35.1630042,,4,2.92,0.106,6,0.023,3.96,0.6,0.06,0.25,6,0.16,7.7,11,24,97.08,1e-10,10.2,1.5,Shrubland,51
s7855,36590,A90G8,2012-10-25,150.6666743,-35.13674651,,5,5.91,0.021,21,0.28,1,0.51,0.09,0.08,2,1.07,3.7,1e-10,37,94.09,1e-10,2.4,1.5,Forest,51
s7857,45785,A90G8,2012-10-25,150.6326533,-35.16181402,,4,5.72,0.066,28,0.028,4.24,0.35,0.09,0.09,3,0.47,7.5,3,42,94.28,1e-10,3.7,1.5,Shrubland,61.00000000000001
s7859,5376,A90G8,2012-10-26,150.5940691,-35.17371885,,8,15.82,8.893,1,0.016,3.36,9.64,0.87,29.52,6,2.06,6.2,3,338,84.18,1e-10,724.6,1.5,,58.00000000000001
s7861,40574,A90G8,2012-10-26,150.5943242,-35.17363378,,6,11.81,1.23,6,0.012,4.47,4.25,0.35,5.79,10,1.61,6.6,4,137,86.2,1.99,115.9,1.5,Marsh/bog,58.00000000000001
s7863,44025,A90G8,2012-10-26,150.5937279,-35.17710152,,5,8.25,0.188,7,0.011,28.89,3.02,0.16,0.35,24,3.48,7.2,10,78,83.4,8.35,10.1,1.5,Marsh/bog,58.00000000000001
s7888,50682,A64JJ,2013-07-30,148.80225,-35.431,,4,13.21,0.032,1145,1.903,0.6,0.35,0.47,0.04,1e-10,2.52,4.5,4,217,69.44,17.35,2.1,2,Forest,71
s8076,50293,A5P6W,2013-08-06,115.2115667,-30.18156667,,4,10.22,0.03,176,0.054,1.67,0.87,0.26,0.13,1e-10,1.16,5.2,3,113,78.48,11.3,4.1,2.5,Woodland,39.000000000000014
s8078,46766,A5P6W,2013-08-06,115.2134333,-30.17106667,,4,31.97,0.098,184,0.11,7.02,8.21,0.87,0.88,2,3.47,5.2,5,342,49.02,19.01,7.1,2.5,Woodland,37.000000000000014
s8080,71290,A5P6W,2013-08-06,115.2526,-30.16913333,,2,1.92,0.024,207,0.075,1.57,0.34,0.06,0.04,1e-10,0.93,5,1e-10,22,97.1,0.98,3.1,1.5,Woodland,30.000000000000004
s8082,40622,A5P6W,2013-08-06,115.2499,-30.15863333,,1,3.88,0.017,208,0.078,1.76,0.31,0.06,0.03,1,1.01,4.7,1e-10,23,95.14,0.98,2.1,1.5,Woodland,34.00000000000001
s8084,67422,A5P6W,2013-08-06,115.2585167,-30.11188333,,4,10.17,0.027,178,0.121,2.9,0.74,0.31,0.1,2,1.37,4.9,3,138,82.68,7.15,3.1,1.5,Woodland,39.000000000000014
s8086,34315,A64JJ,2013-08-06,115.1575167,-30.1363,,2,3.88,0.031,126,0.033,3.56,1.14,0.15,0.1,1e-10,1.93,5.3,3,59,94.16,1.96,3.6,1.5,Woodland,35.00000000000001
s8090,91036,A64JJ,2013-08-07,115.0423,-30.0489,,2,3.91,0.026,25,0.087,3.34,0.52,0.12,0.08,2,0.62,7.1,1e-10,46,94.1,1.98,3.3,1.5,Heathland,31.000000000000007
s8091,43953,A64JJ,2013-08-07,115.0423,-30.0489,,2,4.87,0.019,25,0.161,1.5,0.32,0.09,0.03,1e-10,0.22,7.7,1e-10,35,94.15,0.98,3.6,1.5,Heathland,31.000000000000007
s8093,231963,AC9CM,2013-08-07,115.07605,-30.07161667,,1,4.86,0.033,58,0.148,1.2,0.25,0.07,0.03,1e-10,0.2,7.1,1e-10,26,94.16,0.98,32.7,1.5,Heathland,30.000000000000004
s8097,406206,A64JJ,2013-08-07,115.1268,-30.18305,,1,2.92,0.011,80,0.01,1.61,0.35,0.05,0.06,1e-10,0.82,4.6,1e-10,18,97.08,1e-10,17.6,1.5,Shrubland,37.000000000000014
s8102,78068,A64JJ,2013-08-09,115.1745833,-30.16111667,,2,2.95,0.025,252,0.046,2.51,0.49,0.08,0.04,1e-10,1.6,4.9,1e-10,31,95.05,2,4.6,1.5,Shrubland,33.00000000000001
s8118,262984,AAVYC,2013-12-06,119.3947222,-34.33977778,,1,6.99,0.043,38.9,0.075,1.02,0.91,0.13,0.26,1e-10,1.17,4.9,1e-10,51,89.99,3.02,5,1.5,Heathland,39.000000000000014
s8120,160615,AAVYC,2013-12-06,119.304,-34.21647222,,4,3.94,0.025,80.6,0.068,1.1,0.28,0.07,0.05,1e-10,0.99,4.7,1e-10,28,95.06,1,4.2,1.5,Heathland,33.00000000000001
s8135,275301,AAVYC,2013-12-08,119.9183889,-33.87711111,,1,3.95,0.013,100.9,0.076,0.84,0.29,0.06,0.06,1e-10,0.77,4.8,1e-10,25,94.05,2,2.5,1.5,Shrubland,36.00000000000001
s8136,41319,AAVYC,2013-12-08,119.9150556,-33.84713889,,1e-10,4.94,0.013,124.1,0.109,0.7,0.25,0.09,0.04,1e-10,0.88,4.5,3,41,94.07,1,2.8,1.5,Heathland,32.00000000000001
s8146,117161,AC9CM,2014-07-21,149.0083,-35.881100000000004,,5,12.74,0.04,1111,0.09,9.92,2.43,0.48,0.03,1e-10,3.96,5.1,29,251,63.7,23.55,4.2,2.5,Woodland,34.00000000000001
s8232,315067,A64HK,2013-04-16,151.629,-26.874389999999998,,4,63,0.123,339,0.045,12.75,8.34,0.42,1.02,13,0.94,7,29,194,6,20,3.9,3.5,Other,67
s8487,32452,A90G8,2012-11-22,132.3738334,-12.64892022,,3,6.05,0.016,40,0.197,2,1.07,0.07,0.05,1e-10,1.71,5,5,52,85.8,8.14,1.3,2,Woodland,39.000000000000014
s8495,43119,A64HK,2013-04-26,132.63072,-12.90283,,1,1.98,0,48,0.135,1.48,0.49,0.12,0.01,1e-10,0.83,5.3,1e-10,58,92.96,5.07,1.5,1.5,Shrubland,30.000000000000004
s8497,76362,A64HK,2013-04-18,132.2710697,-13.55388091,,3,13.65,0.013,245,0.952,0.22,0.31,0.09,0.02,1e-10,1.28,4.4,1e-10,44,83.42,2.93,2.2,2,Shrubland,35.00000000000001
s8501,229572,A64JJ,2013-07-25,148.7953167,-35.42273333,,1e-10,1.94,0,1283,0.185,0.27,0.17,0.05,0.01,1e-10,0.19,5,1e-10,18,90.11,7.95,1.3,1.5,Forest,60.00000000000001
s8503,347600,A64JJ,2013-07-25,148.79725,-35.40371667,,5,13.76,0.021,1275,0.956,1.24,0.41,0.4,0.03,1e-10,1.51,4.8,6,181,70.46,15.78,2,2,Forest,62.000000000000014
s8505,111430,A64JJ,2013-07-30,148.8211333,-35.39646666,,15,18.94,0.065,1165,3.87,2.42,0.81,0.62,0.07,1e-10,5.16,4.1,21,251,54.08,26.98,5,2,Forest,59.00000000000001
s8519,70494,A5P6W,2013-04-23,132.81905,-12.86537,,3,6.87,0.01,34,0.516,0.35,0.36,0.11,0.01,1e-10,0.88,4.9,2,50,91.16,1.98,1.6,1.5,Shrubland,39.000000000000014
s8529,37663,A5P6W,2013-04-24,132.48192,-12.67332,,7,19.77,0.037,26,0.074,10.9,2.49,0.4,0.02,5,2.58,5.9,12,190,74.27,5.96,2.9,1.5,Woodland,58.00000000000001
s8531,49122,A5P6W,2013-04-24,132.4792078,-12.67858864,,4,8.21,0.022,19,0.108,5.96,1.16,0.1,0.02,1,1.73,5.5,5,42,87.63,4.16,2.5,2,Woodland,43.99999999999999
s9432,104944,A5P6W,2013-05-10,148.7724333,-35.51991666,,14,37.61,0.124,1605,6.602,6.88,2.26,0.51,0.35,1e-10,4.01,3.8,26,233,34.07,28.32,9,2,Marsh/bog,56.00000000000001
s9436,47295,A5P6W,2013-05-16,148.9296944,-35.6072777,,6,12.29,0.046,971,0.12,8.63,1.48,0.64,0.02,1e-10,2.75,5.1,42,236,69.11,18.6,3.2,2,Woodland,31.000000000000007
s9438,57348,A5P6W,2013-05-23,148.7850833,-35.44535,,10,20.94,0.066,1208,0.725,6.45,1.19,0.63,0.02,1e-10,3.72,4.9,46,290,66.44,12.62,3.7,2,Forest,64.00000000000001
s9440,26847,A5P6W,2013-05-23,148.7826,-35.4502,,15,20.44,0.058,1204,1.249,10.14,2.38,0.82,0.03,1e-10,4.9,4.6,46,318,56.96,22.6,4,2,Forest,68
s9442,39089,A5P6W,2013-05-23,148.78455,-35.4463,,20,11.59,0.065,1204,0.445,12.52,2.64,0.88,0.03,1,5.02,4.9,71,344,65.04,23.37,4.5,1.5,Forest,68
s9448,37623,A5P6W,2013-05-31,148.8234,-35.3952,,15,30.78,0.046,1129,4.741,3.46,1.53,0.63,0.04,1e-10,5.11,4.1,47,246,53.78,15.44,4.4,2,Forest,59.00000000000001
s9450,27362,A5P6W,2013-05-31,148.8271,-35.3941,,9,21.48,0.044,1115,4.051,1.56,0.56,0.54,0.04,10,4.53,4.1,16,210,50.83,27.69,4.5,1.5,Forest,50
s9452,40588,A5P6W,2013-05-31,148.81485,-35.3929,,8,21.31,0.044,1246,7.281,0.57,0.41,0.44,0.06,1e-10,4.16,3.8,12,173,72.27,6.42,3.9,1.5,Forest,33.00000000000001
s9454,83278,A5P6W,2013-06-05,148.7831,-35.5655,,24,32.12,0.239,1618,4.068,8.16,2.22,0.74,0.86,1e-10,5.36,3.9,32,282,42.54,25.33,13.4,1.5,Marsh/bog,51
s9456,32201,A5P6W,2013-06-11,148.7763,-35.5252,,27,30.02,0.077,1674,6.437,3.58,1.39,0.83,0.06,1e-10,5.24,3.9,77,326,50.62,19.37,8.4,1.5,Woodland,58.00000000000001
s9458,15903,A5P6W,2013-06-11,148.81105,-35.3912,,7,17.07,0.023,1285,1.771,1.43,0.7,0.44,0.02,1e-10,2.59,4.5,7,164,67.82,15.11,1.7,2,Forest,39.000000000000014
s9460,55133,A5P6W,2013-06-14,148.84465,-35.371917,,7,23.94,0.035,1094,6.132,0.51,0.35,0.59,0.06,1e-10,3.69,4,9,232,39.56,36.51,3.3,1.5,Forest,47
s9462,65614,A5P6W,2013-06-14,148.7989,-35.43457,,5,11.91,0.046,1101,0.814,5.61,1.22,0.59,0.03,1e-10,2.68,4.9,13,223,69.15,18.94,2.9,2,Forest,69
s9466,272482,A64JJ,2013-07-09,148.9085,-35.59065,,8,12.42,0.07,966,0.057,12.91,1.46,0.5,0.03,1,4.03,5.6,27,237,72.98,14.61,6.8,2,Woodland,41.99999999999999
s9468,208510,A64JJ,2013-07-25,148.7832167,-35.42378333,,16,13.84,0.049,1288,0.973,7.78,2.03,0.83,0.05,1e-10,5.01,4.7,28,350,54.31,31.86,4.1,2,Forest,64.00000000000001
s9484,72683,A5P6W,2013-03-18,138.2613,-35.60827,,6,21.32,0.078,306,0.493,5.21,1.88,0.39,0.27,1e-10,3.48,4.8,2,153,60.51,18.17,8.1,1.5,Woodland,48
s9486,13313,A5P6W,2013-03-18,138.6902,-35.27211,,2,15.43,0.041,330,1.086,1.2,0.79,0.19,0.15,1e-10,2.16,4.3,1e-10,73,69.08,15.48,5.7,1.5,Woodland,61.00000000000001
s9492,159781,A64HK,2013-03-20,138.1363,-32.74842,,4,12.56,0.042,627,0.071,5.17,1.19,0.28,0.11,5,2.58,4.7,3,109,75.97,11.47,6.2,1.5,Woodland,48
s9494,523103,A64HK,2013-03-20,138.6038,-33.9142,,10,16.43,0.061,539,0.338,6.47,2.61,0.41,0.19,2,3.93,4.6,5,160,68.19,15.38,8.6,1.5,Woodland,39.000000000000014
s9502,32325,A90G8,2013-03-21,138.7083,-34.88076,,5,4.8,0.06,250,0.155,2.45,0.53,0.22,0.06,3,1.58,4.6,1e-10,86,87.43,7.77,4.1,1.5,Woodland,34.00000000000001
s9504,34118,A90G8,2013-03-21,138.727,-34.93343,,12,7.01,0.054,507,0.255,2.57,0.86,0.15,0.09,3,1.93,4.4,3,58,87.94,5.04,5.3,2,Woodland,55.00000000000001
s9512,220200,A90G8,2013-03-24,138.5946,-31.54388,,15,23.04,0.106,596,0.059,9.26,3.56,0.64,0.13,28,2.39,6,9,251,64.33,12.62,9.2,1.5,Shrubland,33.00000000000001
s9571,140522,A64HK,2013-01-09,145.881418,-41.555433,,85,31.74,0.092,820,5.572,1.45,1.3,0.6,0.22,3,5.51,3.4,68,486,42.74,25.52,25.4,2,Forest,65.00000000000001
s9573,97202,A64HK,2013-01-08,146.299029,-42.041572,,42,61.84,0.326,1000,1.373,4.35,7.45,1.34,0.98,1,5.52,3,33,538,32.99,5.17,19.7,2,Marsh/bog,47
s9576,88790,A64HK,2013-01-08,146.3034,-42.0436,,84,43.97,0.072,1000,5.438,7.1,1.6,0.41,0.29,1,1.63,4.3,13,159,24.51,31.52,7,2,Heathland,47
s9586,43496,A90G8,2013-01-18,148.029095,-41.183047,,3,20.56,0.019,690,1.743,0.19,0.6,0.24,0.03,1,0.89,4.1,2,126,64.24,15.19,1.6,2,Forest,77
s9588,37005,A90G8,2013-01-18,148.032013,-41.183515,,4,16.42,0.014,720,0.888,0.68,0.39,0.19,0.03,2,0.73,4.2,4,105,58.87,24.71,1.5,2,Forest,74
s401954,0,VicMicro,2_15_2022,146.2908244,-37.96905046,1939_BUSHFIRE,18,25.75,NA,344.86224,6.88,1.28,1.06,0.26,0.2,2,4.12,3.5,5,169,24.67,49.57,8.6,2.5,Forest,78
s401956,0,VicMicro,2_15_2022,146.4612762,-38.61050988,NA_NA,10,28.62,NA,211.6881,0.2,9.5,5.02,1,0.29,34,3.37,5.1,24,458,32.41,38.97,5,3,Forest,78
s401958,0,VicMicro,2_24_2022,148.652604,-37.7312588,1981_BUSHFIRE,19,12.51,NA,87.68008,1.06,2.46,1.2,0.11,0.12,NA,2.41,4.4,6,57,64.35,23.13,3,2.5,Forest,70
s401960,0,VicMicro,2_17_2022,146.8964374,-38.459998,1991_BURN,4,8.21,NA,73.65762,0.56,3.37,1.29,0.2,0.19,NA,3.44,4.1,7,118,85.56,6.23,4.1,2,Forest,56.00000000000001
s401964,0,VicMicro,2_15_2022,146.2639099,-38.08056599,1939_BUSHFIRE,13,27.72,NA,156.15645,2.96,2.82,2.63,0.22,0.57,1,4.74,3.8,6,168,27.34,44.94,5.7,2.5,Forest,65.00000000000001
s401966,0,VicMicro,3_8_2022,145.2017179,-37.17201242,1978_BURN,24,22.47,NA,576.6134,2.3,4.24,1.76,0.36,0.14,NA,4.92,4.4,2,189,52.96,24.56,3.3,2.5,Forest,72
s401968,0,VicMicro,3_10_2022,144.0949929,-37.39179091,1983_BURN,21,30.03,NA,660.16492,6.1,0.86,0.9,0.46,0.21,NA,4.06,4.2,4,229,38.81,31.16,4.3,2.5,Forest,70
s401970,0,VicMicro,3_16_2022,143.4188596,-38.43801227,1968_BUSHFIRE,46,13,NA,168.60487,1.02,2.88,2.16,0.32,0.45,NA,4.44,3.4,12,159,69.52,17.48,7.3,2.5,Forest,59.00000000000001
s401972,0,VicMicro,3_15_2022,141.5596558,-38.03423517,1939_BUSHFIRE,54,19.08,NA,101.5822,0.52,5.3,3.04,0.22,0.43,3,3.9,4.6,7,110,65.99,14.93,9.9,2.5,Forest,38.000000000000014
s401974,0,VicMicro,2_28_2022,147.217878,-37.55587319,1965_BUSHFIRE,21,23.92,NA,652.89966,1.62,12.32,3.92,0.66,0.11,18,5.03,4.5,10,330,49.86,26.22,5.7,2.5,Forest,54
s401976,0,VicMicro,3_1_2022,147.2579568,-37.0193568,2003_BUSHFIRE,31,18.81,NA,1523.80737,0.54,20,6.66,1.32,0.1,7,5.27,5.2,198,521,43.35,37.83,3.2,2.5,Forest,43.99999999999999
s401978,0,VicMicro,2_15_2022,146.2933663,-37.97120853,2006_BUSHFIRE,8,21.61,NA,360.0015,5.18,0.6,0.72,0.2,0.25,1,4.68,4,2,137,26.81,51.57,6.5,3,Forest,51
s401980,0,VicMicro,2_28_2022,147.1768055,-37.36806219,2007_BUSHFIRE,34,37.13,NA,1221.69482,9.9,1.36,0.68,0.76,0.13,2,5.12,4.2,2,326,36.58,26.29,5.7,3,Forest,44.99999999999999
s401982,0,VicMicro,2_28_2022,147.2036836,-37.26129535,2020_BUSHFIRE,17,34.6,NA,1312.5603,7.44,2.02,0.64,0.54,0.07,1,5.1,4.2,21,295,39.38,26.03,4.1,3,Forest,32.00000000000001
s401984,0,VicMicro,2_22_2022,147.7970918,-36.47705859,2020_BUSHFIRE,18,24.56,NA,964.93152,3.57,1.35,0.9,0.65,0.06,NA,5.12,4.4,2,296,54.88,20.55,1.3,3,Forest,60.00000000000001
s401986,0,VicMicro,2_22_2022,147.7938832,-36.549485,2020_BUSHFIRE,10,29.98,NA,1236.49658,4.18,2.5,0.88,0.78,0.05,NA,4.46,4.4,4,361,35.62,34.39,1.1,3,Forest,40.000000000000014
s401990,0,VicMicro,2_21_2022,147.4572171,-36.14766651,1952_BUSHFIRE,18,19.26,NA,611.75061,1.12,1.5,0.68,0.38,0.03,NA,1.95,4.5,5,201,60.35,20.39,1.7,2.5,Forest,44.99999999999999
s401996,0,VicMicro,3_3_2022,146.1810892,-36.30295522,2021_BURN,14,13.59,NA,349.79999,1.28,2.28,0.96,0.4,0.05,2,2.62,4.3,4,193,80.54,5.87,4.9,2.5,Forest,30.000000000000004
s401998,0,VicMicro,3_28_2022,142.9992621,-36.83341895,NA_NA,6,18.54,NA,269.28943,3.1,2.82,1.32,0.44,0.24,1,4.61,3.6,NA,241,56.6,24.86,5,2.5,Forest,37.000000000000014
s402000,0,VicMicro,3_28_2022,143.213375,-37.03053241,NA_NA,4,13.91,NA,415.42148,2.14,2.78,1.02,0.5,0.14,NA,4.71,3.8,4,278,52.18,33.91,2.4,2.5,Forest,40.99999999999999
s402002,0,VicMicro,3_10_2022,144.1239024,-37.06596674,NA_NA,9,21.68,NA,281.48129,1.16,0.82,1.98,0.34,0.62,NA,4.07,4.2,4,218,57.58,20.74,10.5,3,Forest,40.99999999999999
s402006,0,VicMicro,2_22_2022,147.8768996,-36.27076227,2020_BUSHFIRE,4,13.72,NA,674.30463,0.01,8.67,0.83,0.3,0.02,1,1.63,5.7,48,175,74.42,11.85,1.7,2.5,Forest,44.99999999999999
s402008,0,VicMicro,3_2_2022,146.7524139,-36.47270626,2009_BUSHFIRE,7,18.38,NA,532.06799,1.28,2.5,1.32,0.44,0.05,NA,1.71,4.7,3,224,54.52,27.11,0.9,2.5,Forest,62.000000000000014
s402012,0,VicMicro,3_6_2022,145.1813163,-37.52672855,2015_BURN,6,19.89,NA,275.50699,3.55,1.08,1.05,0.43,0.24,NA,4.73,3.8,2,280,58.12,21.99,6.6,2.5,Forest,47
s402016,0,VicMicro,3_24_2022,148.7261996,-37.08818405,2008_BURN,5,15.92,NA,760.48889,2.66,3.06,2.88,0.4,0.12,NA,3.81,4.3,6,252,60.04,24.04,1.2,3,Forest,41.99999999999999
s402032,0,VicMicro,2_24_2022,148.7888139,-37.75058724,2020_BUSHFIRE,29,16.8,NA,63.50224,1.88,1.04,5.04,0.28,0.73,NA,5.1,5.5,11,181,62.07,21.13,14.3,2.5,Heathland,56.00000000000001
s402034,0,VicMicro,2_16_2022,146.775553,-38.50898734,1992_BUSHFIRE,10,4.96,NA,86.05368,0.74,1.42,0.61,0.06,0.09,NA,2.45,3.3,3,30,90.04,5.01,2.9,2,Heathland,61.00000000000001
s402036,0,VicMicro,2_17_2022,145.921063,-38.90286444,NA_NA,11,10.03,NA,88.779,0.32,5.84,3.68,0.56,1.29,NA,4.56,3.8,10,191,87.95,2.03,14.3,2,Heathland,55.00000000000001
s402038,0,VicMicro,2_14_2022,145.5644514,-38.63172822,1992_BURN,12,5.05,NA,37.85329,0.3,4.29,1.51,0.15,0.25,NA,3.08,4.1,6,97,91.88,3.06,5,2,Heathland,59.00000000000001
s402040,0,VicMicro,3_18_2022,144.1440545,-38.38645565,1993_BURN,16,7.9,NA,82.81641,0.9,0.7,0.66,0.14,0.16,NA,2.82,3.5,5,59,86.11,6,5.8,2,Heathland,40.99999999999999
s402042,0,VicMicro,3_16_2022,143.36416,-38.58234411,1939_BUSHFIRE,16,9.9,NA,44.84122,0.96,2.1,1.24,0.16,0.3,NA,3.97,3,5,86,86.11,4,8.9,2,Heathland,58.00000000000001
s402044,0,VicMicro,3_15_2022,141.6443709,-38.1984322,1989_BUSHFIRE,11,7.9,NA,71.71767,0.41,0.94,0.83,0.06,0.16,NA,2.71,3.1,3,32,90.11,2,3.7,2,Heathland,55.00000000000001
s402052,0,VicMicro,3_31_2022,141.3299751,-37.16887983,2005_BURN,2,3.9,NA,180.2756,0.08,0.88,0.27,0.05,0.03,NA,0.61,4.3,4,27,95.11,0.99,1,1.5,Heathland,43.99999999999999
s402060,0,VicMicro,3_15_2022,141.6754357,-38.19534732,2014_BUSHFIRE,10,5.78,NA,93.58057,0.15,2,0.81,0.11,0.15,NA,2.21,3.9,5,52,92.25,1.96,3,2,Heathland,62.000000000000014
s402062,0,VicMicro,3_14_2022,140.9950634,-37.90237598,2010_BURN,6,4.86,NA,48.0596,0.15,1.68,0.49,0.08,0.07,NA,1.45,4,3,38,94.16,0.98,2.2,2,Heathland,59.00000000000001
s402064,0,VicMicro,3_16_2022,143.3611231,-38.60665202,2013_BURN,14,4.92,NA,129.47395,0.28,1.4,0.56,0.1,0.16,NA,2.41,3.6,3,51,93.08,1.99,4.5,1.5,Heathland,59.00000000000001
s402066,0,VicMicro,3_16_2022,143.2983487,-38.67279932,2015_BURN,10,7.74,NA,125.88892,0.49,2.07,1.11,0.12,0.24,NA,3.07,3.4,4,42,88.34,3.92,5,1.5,Heathland,59.00000000000001
s402068,0,VicMicro,3_31_2022,141.2619221,-36.72139732,2014_BURN,4,6.25,NA,146.1447,0.02,4.37,1.08,0.16,0.13,1,1.38,5.4,7,77,87.44,6.31,6.1,2.5,Heathland,30.000000000000004
s402096,0,VicMicro,4_5_2022,142.7501,-34.5839861,NA_NA,5,33.87,NA,47.80261,0.07,8.84,6.53,1.15,1.1,4,1.53,4.9,79,540,32.21,33.92,24.4,2.5,Woodland,37.000000000000014
s402112,0,VicMicro,3_9_2022,148.9707493,-37.30413664,NA_NA,4,18.44,NA,1050.13159,0.47,1.48,1.71,0.4,0.37,8,1.18,4.4,4,185,63.07,18.49,3.6,3,Forest,83
s402114,0,VicMicro,2_24_2022,148.8653751,-37.33770107,NA_NA,99,33.2,NA,1031.62207,3.16,4.62,1.62,0.6,0.12,15,3.36,4.1,74,271,35.7,31.09,8,3,Forest,85.00000000000001
s402116,0,VicMicro,2_16_2022,146.2159607,-38.57075565,NA_NA,28,43.82,NA,312.62912,4.72,3.39,2.28,0.6,0.18,34,4.51,4.1,3,315,21.04,35.15,5.7,3.5,Forest,81
s402118,0,VicMicro,3_17_2022,143.5203708,-38.59817095,1939_BUSHFIRE,56,26.92,NA,254.70691,1.3,13.7,4.4,0.72,0.37,15,4.66,4.5,21,338,46.05,27.03,8.9,3,Forest,80
s402120,0,VicMicro,3_17_2022,143.5731534,-38.61613613,1939_BUSHFIRE,47,41.29,NA,421.16641,3.81,1.83,1.62,0.37,0.26,8,4.24,3.7,5,280,30.22,28.48,5.7,2.5,Forest,70
s402122,0,VicMicro,3_17_2022,143.8606784,-38.51461611,1939_BUSHFIRE,80,30.54,NA,564.4527,1.3,9.66,4.24,0.7,0.32,3,4.5,4.7,19,425,38.79,30.66,5.8,3,Forest,80
s402124,0,VicMicro,2_17_2022,146.5620512,-38.38884779,2009_BUSHFIRE,38,36.6,NA,628.46417,0.38,10.8,4.73,0.95,0.28,8,4.01,4.8,18,526,28.96,34.42,3.6,2,Forest,81
s402128,0,VicMicro,3_3_2022,146.350998,-36.35590135,NA_NA,5,36.5,NA,142.49809,0.35,5.51,3.73,0.71,0.22,31,3.39,4.6,33,416,15.45,48.05,8.8,3,Woodland,33.00000000000001
s402150,0,VicMicro,2_17_2022,146.7311651,-38.4326222,1939_BUSHFIRE,18,37.25,NA,140.01476,0.08,16.91,9.38,0.68,0.36,24,4.44,5.1,43,381,20.99,41.76,6.7,2.5,Forest,34.00000000000001
s402152,0,VicMicro,2_16_2022,146.7399337,-38.5297629,NA_NA,8,5.13,NA,38.46809,0.69,3.91,0.96,0.2,0.12,NA,2.78,4.3,9,120,89.68,5.18,2.7,1,Forest,67
s402154,0,VicMicro,3_7_2022,145.5431645,-37.5153674,1939_BUSHFIRE,37,37.83,NA,722.24371,8.64,1.16,0.34,0.28,0.12,28,5.41,3.8,NA,153,26.92,35.25,5.1,2,Forest,89.00000000000001
s402156,0,VicMicro,3_7_2022,145.5931594,-37.5058399,2020_BURN,14,25.81,NA,712.06219,3.3,1.16,0.32,0.38,0.04,18,5.25,4.6,NA,153,50.62,23.57,7.1,2,Forest,84.00000000000001
